unit_nb,time_cycle,set_1,set_2,set_3,s_1,s_2,s_3,s_4,s_5,s_6,s_7,s_8,s_9,s_10,s_11,s_12,s_13,s_14,s_15,s_16,s_17,s_18,s_19,s_20,s_21
1,1,-0.0007,-0.0004,100,518.67,641.82,1589.7,1400.6,14.62,21.61,554.36,2388.06,9046.19,1.3,47.47,521.66,2388.02,8138.62,8.4195,0.03,392,2388,100,39.06,23.419
1,2,0.0019,-0.0003,100,518.67,642.15,1591.82,1403.14,14.62,21.61,553.75,2388.04,9044.07,1.3,47.49,522.28,2388.07,8131.49,8.4318,0.03,392,2388,100,39,23.4236
1,3,-0.0043,0.0003,100,518.67,642.35,1587.99,1404.2,14.62,21.61,554.26,2388.08,9052.94,1.3,47.27,522.42,2388.03,8133.23,8.4178,0.03,390,2388,100,38.95,23.3442
1,4,0.0007,0,100,518.67,642.35,1582.79,1401.87,14.62,21.61,554.45,2388.11,9049.48,1.3,47.13,522.86,2388.08,8133.83,8.3682,0.03,392,2388,100,38.88,23.3739
1,5,-0.0019,-0.0002,100,518.67,642.37,1582.85,1406.22,14.62,21.61,554,2388.06,9055.15,1.3,47.28,522.19,2388.04,8133.8,8.4294,0.03,393,2388,100,38.9,23.4044
1,6,-0.0043,-0.0001,100,518.67,642.1,1584.47,1398.37,14.62,21.61,554.67,2388.02,9049.68,1.3,47.16,521.68,2388.03,8132.85,8.4108,0.03,391,2388,100,38.98,23.3669
1,7,0.001,0.0001,100,518.67,642.48,1592.32,1397.77,14.62,21.61,554.34,2388.02,9059.13,1.3,47.36,522.32,2388.03,8132.32,8.3974,0.03,392,2388,100,39.1,23.3774
1,8,-0.0034,0.0003,100,518.67,642.56,1582.96,1400.97,14.62,21.61,553.85,2388,9040.8,1.3,47.24,522.47,2388.03,8131.07,8.4076,0.03,391,2388,100,38.97,23.3106
1,9,0.0008,0.0001,100,518.67,642.12,1590.98,1394.8,14.62,21.61,553.69,2388.05,9046.46,1.3,47.29,521.79,2388.05,8125.69,8.3728,0.03,392,2388,100,39.05,23.4066
1,10,-0.0033,0.0001,100,518.67,641.71,1591.24,1400.46,14.62,21.61,553.59,2388.05,9051.7,1.3,47.03,521.79,2388.06,8129.38,8.4286,0.03,393,2388,100,38.95,23.4694
1,11,0.0018,-0.0003,100,518.67,642.28,1581.75,1400.64,14.62,21.61,554.54,2388.05,9049.61,1.3,47.15,521.4,2388.01,8140.58,8.434,0.03,392,2388,100,38.94,23.4787
1,12,0.0016,0.0002,100,518.67,642.06,1583.41,1400.15,14.62,21.61,554.52,2388.09,9049.37,1.3,47.18,521.8,2388.02,8134.25,8.3938,0.03,391,2388,100,39.06,23.366
1,13,-0.0019,0.0004,100,518.67,643.07,1582.19,1400.83,14.62,21.61,553.44,2388.12,9046.82,1.3,47.38,521.85,2388.08,8128.1,8.4152,0.03,393,2388,100,38.93,23.2757
1,14,0.0009,0,100,518.67,642.35,1592.95,1399.16,14.62,21.61,554.48,2388.09,9047.37,1.3,47.44,521.67,2388,8134.43,8.3964,0.03,393,2388,100,39.18,23.3826
1,15,-0.0018,-0.0003,100,518.67,642.43,1583.82,1402.13,14.62,21.61,553.64,2388.11,9052.22,1.3,47.3,522.5,2388.08,8127.56,8.4199,0.03,391,2388,100,38.99,23.35
1,16,0.0006,0.0005,100,518.67,642.13,1587.98,1404.5,14.62,21.61,553.94,2388.05,9049.34,1.3,47.24,521.49,2388.07,8136.11,8.3936,0.03,392,2388,100,38.97,23.455
1,17,0.0002,0.0002,100,518.67,642.58,1584.96,1399.95,14.62,21.61,553.8,2388.06,9054.92,1.3,47.12,521.89,2388.04,8137.27,8.4542,0.03,392,2388,100,38.81,23.3319
1,18,-0.0031,-0.0001,100,518.67,642.62,1591.04,1396.12,14.62,21.61,554.2,2388.05,9049.55,1.3,47.21,521.76,2388.07,8132.73,8.4028,0.03,392,2388,100,38.89,23.3987
1,19,0.0032,-0.0003,100,518.67,641.79,1587.56,1400.35,14.62,21.61,554.18,2388.04,9053.99,1.3,47.4,521.89,2388.03,8129.13,8.4321,0.03,391,2388,100,38.8,23.3464
1,20,-0.0037,0.0001,100,518.67,643.04,1581.11,1405.23,14.62,21.61,554.81,2388.05,9045.9,1.3,47.22,522.07,2388.02,8129.71,8.421,0.03,392,2388,100,39.03,23.422
1,21,-0.0012,0.0001,100,518.67,642.37,1586.07,1398.13,14.62,21.61,554.08,2388.11,9048.15,1.3,47.15,522.42,2388.08,8134.02,8.4049,0.03,392,2388,100,39.09,23.3101
1,22,0.0002,0,100,518.67,642.77,1592.93,1400.57,14.62,21.61,553.63,2388.04,9061.21,1.3,47.24,522,2388.03,8130.41,8.4034,0.03,392,2388,100,38.92,23.3792
1,23,0.0034,-0.0003,100,518.67,642.14,1588.19,1394.75,14.62,21.61,553.98,2388.05,9046.28,1.3,47.25,521.52,2388.05,8127.9,8.424,0.03,392,2388,100,38.94,23.4562
1,24,-0.001,0.0003,100,518.67,642.38,1590.83,1398.81,14.62,21.61,553.49,2388.12,9043.76,1.3,47.44,522.13,2388.03,8133.88,8.3891,0.03,392,2388,100,39,23.3696
1,25,0.0023,-0.0004,100,518.67,642.77,1594.1,1399.39,14.62,21.61,554,2388.02,9054.16,1.3,47.36,522.56,2388.02,8136.61,8.3917,0.03,393,2388,100,38.95,23.4288
1,26,0,0.0002,100,518.67,642.16,1589.08,1396.07,14.62,21.61,554.11,2388.07,9047.11,1.3,47.26,522.28,2388.06,8131.15,8.426,0.03,394,2388,100,38.86,23.4149
1,27,-0.0012,-0.0004,100,518.67,642.44,1590.47,1401.84,14.62,21.61,554.07,2388.02,9047.96,1.3,47.37,522,2388.13,8134.6,8.4046,0.03,393,2388,100,38.99,23.4472
1,28,-0.0024,0.0005,100,518.67,642.35,1582.84,1399.13,14.62,21.61,554.68,2388.12,9049.84,1.3,47.41,522.57,2388.08,8127.3,8.4323,0.03,390,2388,100,39.01,23.2841
1,29,0.0012,-0.0001,100,518.67,641.91,1584.83,1400.99,14.62,21.61,554.25,2388.05,9050.47,1.3,47.24,522.41,2388.06,8133.06,8.4189,0.03,393,2388,100,38.93,23.3597
1,30,-0.0022,0,100,518.67,642.2,1593.52,1396.08,14.62,21.61,554.37,2388.07,9045.62,1.3,47.4,522.19,2388,8137.86,8.4065,0.03,390,2388,100,39.05,23.411
1,31,0.0014,0.0005,100,518.67,642.02,1584.18,1396.9,14.62,21.61,554.13,2388.08,9058.78,1.3,47.41,521.95,2388.06,8125.28,8.4104,0.03,392,2388,100,38.94,23.3353
1,32,0.0005,-0.0003,100,518.67,642.33,1591.38,1400.36,14.62,21.61,554.96,2388.04,9050.97,1.3,47.25,521.92,2388.07,8129.7,8.4148,0.03,392,2388,100,39.02,23.4999
1,33,-0.0042,-0.0004,100,518.67,642.71,1588.4,1402.43,14.62,21.61,554.61,2388.04,9047.13,1.3,47.28,521.91,2388.08,8134.42,8.3753,0.03,392,2388,100,38.83,23.3506
1,34,0.0015,-0.0001,100,518.67,642.54,1581.47,1400.48,14.62,21.61,554.3,2388.03,9046.46,1.3,47.47,521.7,2388.09,8126.61,8.4349,0.03,392,2388,100,38.81,23.3092
1,35,0.0003,0.0002,100,518.67,642.44,1590,1403,14.62,21.61,554.3,2388.04,9045.76,1.3,47.31,521.75,2388.01,8140.17,8.443,0.03,391,2388,100,39.13,23.4164
1,36,-0.0004,-0.0002,100,518.67,642.54,1581.72,1405.54,14.62,21.61,554.53,2388.01,9044.56,1.3,47.25,522.32,2388.04,8132.48,8.4246,0.03,392,2388,100,38.86,23.4308
1,37,-0.0004,0,100,518.67,641.99,1579.11,1398.9,14.62,21.61,554.63,2388.07,9055.44,1.3,47.29,522.29,2388.04,8131.95,8.4142,0.03,392,2388,100,38.99,23.4352
1,38,-0.0018,-0.0002,100,518.67,641.93,1589.6,1399.5,14.62,21.61,554.7,2388.08,9055.27,1.3,47.27,522.42,2388.08,8136.61,8.4158,0.03,392,2388,100,39.06,23.4768
1,39,-0.003,-0.0001,100,518.67,642.01,1583.21,1400.69,14.62,21.61,553.97,2388.02,9051.76,1.3,47.12,522.23,2388.05,8131.81,8.414,0.03,392,2388,100,38.7,23.3699
1,40,0,-0.0004,100,518.67,642.24,1582.08,1401.77,14.62,21.61,554.57,2388.06,9052.98,1.3,47.33,521.84,2388.01,8131.03,8.3784,0.03,392,2388,100,38.84,23.3769
1,41,0.0033,0.0004,100,518.67,642.4,1591.31,1403.21,14.62,21.61,553.72,2388.06,9048.99,1.3,47.09,522.07,2388.03,8138.08,8.437,0.03,392,2388,100,39.13,23.4444
1,42,0.0005,-0.0004,100,518.67,642.12,1584.66,1401.38,14.62,21.61,553.94,2388.08,9057.06,1.3,47.49,522.23,2388.05,8130.88,8.4137,0.03,392,2388,100,39,23.375
1,43,-0.0027,0.0005,100,518.67,642.24,1591.52,1406.05,14.62,21.61,553.68,2388.03,9057.88,1.3,47.32,522.74,2388.09,8127.22,8.4068,0.03,392,2388,100,38.99,23.3148
1,44,-0.0001,0.0002,100,518.67,641.93,1586.94,1401.2,14.62,21.61,554.15,2388.04,9046.87,1.3,47.45,522.3,2388,8131.45,8.4201,0.03,392,2388,100,39.06,23.4753
1,45,-0.0013,0,100,518.67,642.53,1582.42,1399.16,14.62,21.61,553.83,2388.08,9060.32,1.3,47.45,521.73,2388.05,8128.31,8.4099,0.03,393,2388,100,38.79,23.3943
1,46,0.0003,0.0001,100,518.67,642.43,1588.29,1401.27,14.62,21.61,553.76,2388.06,9060.38,1.3,47.2,522.02,2388.08,8128.71,8.3977,0.03,393,2388,100,38.93,23.3745
1,47,0,0.0005,100,518.67,642.21,1580.32,1402.89,14.62,21.61,554.38,2388.06,9052.04,1.3,47.22,521.84,2388.05,8126.21,8.3973,0.03,392,2388,100,38.99,23.4873
1,48,0.0019,0.0001,100,518.67,641.89,1588.51,1399.16,14.62,21.61,554.02,2388.08,9045.26,1.3,47.4,521.91,2388.06,8129.99,8.4376,0.03,392,2388,100,38.94,23.365
1,49,-0.0014,0.0005,100,518.67,642.23,1584.35,1397.76,14.62,21.61,554.23,2388.07,9050.64,1.3,47.22,521.37,2388.04,8135.48,8.4151,0.03,392,2388,100,39.06,23.4498
1,50,-0.0032,-0.0001,100,518.67,642.77,1588.49,1403.62,14.62,21.61,553.92,2388.06,9048.6,1.3,47.47,522.33,2388.09,8127.3,8.4116,0.03,392,2388,100,38.85,23.4106
1,51,-0.001,0.0003,100,518.67,642.81,1585.54,1400.42,14.62,21.61,553.73,2388.02,9047.09,1.3,47.12,521.91,2388.05,8134.36,8.4504,0.03,393,2388,100,38.94,23.3651
1,52,0.0018,-0.0001,100,518.67,642.76,1583.77,1395.57,14.62,21.61,553.04,2388.04,9056.01,1.3,47.07,522.1,2388.07,8132.82,8.4539,0.03,391,2388,100,39,23.3388
1,53,0.0021,-0.0001,100,518.67,642.61,1579.82,1402.26,14.62,21.61,554.16,2388.05,9051.15,1.3,47.29,521.96,2388.06,8134.38,8.4418,0.03,392,2388,100,38.9,23.3775
1,54,-0.0002,0.0005,100,518.67,642.42,1592.59,1401.2,14.62,21.61,553.95,2388.04,9056.29,1.3,47.38,522.44,2388.06,8129.95,8.4189,0.03,392,2388,100,38.96,23.2348
1,55,0.0009,0,100,518.67,642.41,1584.95,1401.58,14.62,21.61,554.45,2388.04,9048.94,1.3,47.4,522.11,2388.02,8134.1,8.4071,0.03,392,2388,100,39.06,23.3567
1,56,0.0007,-0.0002,100,518.67,642.49,1586.33,1400.76,14.62,21.61,553.98,2388.01,9042.42,1.3,47.26,522.48,2388.04,8135.4,8.4022,0.03,391,2388,100,38.68,23.3408
1,57,-0.0033,0,100,518.67,642.13,1583.67,1402.79,14.62,21.61,553.42,2388.05,9050.8,1.3,47.29,521.62,2388.08,8135.48,8.4263,0.03,392,2388,100,38.84,23.3567
1,58,-0.0014,0.0001,100,518.67,641.9,1590.46,1397.99,14.62,21.61,554.14,2388.09,9050.33,1.3,47.26,522.21,2388.04,8132.08,8.4319,0.03,390,2388,100,38.93,23.2893
1,59,-0.0006,0.0002,100,518.67,642.33,1596.72,1403.51,14.62,21.61,554.62,2388.07,9050.06,1.3,47.26,521.32,2388.02,8128.81,8.4476,0.03,392,2388,100,38.92,23.4444
1,60,-0.001,-0.0002,100,518.67,642.34,1582.75,1403.07,14.62,21.61,554,2388.06,9051.69,1.3,47.41,522.49,2388.03,8132.89,8.3878,0.03,393,2388,100,38.89,23.387
1,61,0.0004,0.0005,100,518.67,642.1,1583.55,1405.52,14.62,21.61,554.09,2388.11,9050.58,1.3,47.31,522.34,2388.09,8131.66,8.4264,0.03,391,2388,100,38.89,23.3638
1,62,0.0004,0.0001,100,518.67,642.17,1581.59,1399.54,14.62,21.61,554.45,2388.1,9053.62,1.3,47.28,522.19,2388.1,8132.28,8.4071,0.03,391,2388,100,39.03,23.2707
1,63,0.0015,0.0002,100,518.67,642.6,1592.14,1395.38,14.62,21.61,553.48,2388.06,9049.96,1.3,47.51,521.56,2388.01,8130.73,8.4357,0.03,394,2388,100,38.77,23.3436
1,64,0.0017,0.0002,100,518.67,642.23,1584.51,1400.11,14.62,21.61,553.88,2388.1,9043.67,1.3,47.45,521.82,2388.04,8128.15,8.4066,0.03,391,2388,100,38.93,23.384
1,65,0,0.0005,100,518.67,642.28,1584.72,1403.24,14.62,21.61,553.97,2388.03,9044.01,1.3,47.56,521.54,2388.13,8132.94,8.4406,0.03,392,2388,100,38.9,23.3752
1,66,-0.0007,-0.0004,100,518.67,642.5,1588.5,1399.52,14.62,21.61,554,2388.06,9059.45,1.3,47.14,521.76,2388.05,8128.32,8.3911,0.03,391,2388,100,38.95,23.3152
1,67,0.0016,-0.0004,100,518.67,642.33,1590.22,1403.02,14.62,21.61,554.31,2388.1,9050.24,1.3,47.39,522.64,2388.08,8134.07,8.3925,0.03,393,2388,100,38.97,23.291
1,68,-0.0018,0,100,518.67,642.51,1582.06,1404.42,14.62,21.61,554.04,2388.1,9051.78,1.3,47.36,521.72,2388.07,8132.39,8.4242,0.03,392,2388,100,38.95,23.3174
1,69,-0.0022,0.0005,100,518.67,642.44,1590.7,1401.24,14.62,21.61,554.65,2388.07,9050.59,1.3,47.41,522.22,2388.1,8129.13,8.4292,0.03,392,2388,100,39,23.3742
1,70,-0.0005,0.0002,100,518.67,642.22,1584.02,1402.78,14.62,21.61,554.01,2388.11,9053.43,1.3,47.41,521.93,2388.12,8130.36,8.4279,0.03,392,2388,100,38.86,23.4513
1,71,0.0016,-0.0003,100,518.67,642.21,1580.41,1403.09,14.62,21.61,554.06,2388.03,9046.09,1.3,47.3,521.72,2388.09,8134.28,8.423,0.03,391,2388,100,38.8,23.3881
1,72,-0.0017,0.0001,100,518.67,642.41,1579.25,1406.81,14.62,21.61,553.76,2388.07,9054.42,1.3,47.27,521.97,2388.09,8133.95,8.3951,0.03,391,2388,100,38.84,23.3085
1,73,-0.0012,-0.0002,100,518.67,642.29,1592.04,1397.93,14.62,21.61,553.88,2388.03,9049.64,1.3,47.29,522.04,2388.1,8129.85,8.404,0.03,391,2388,100,39.03,23.3975
1,74,0.0027,0.0001,100,518.67,642.96,1584.65,1401.48,14.62,21.61,554.03,2388.07,9045.85,1.3,47.58,522.25,2387.97,8132.67,8.4135,0.03,392,2388,100,38.8,23.382
1,75,0.0009,-0.0004,100,518.67,641.96,1582.32,1394.82,14.62,21.61,553.6,2388.07,9042.32,1.3,47.22,521.77,2388.11,8130.13,8.4621,0.03,392,2388,100,38.89,23.3521
1,76,-0.0015,0.0002,100,518.67,642.21,1589.21,1398.94,14.62,21.61,553.66,2388.02,9056.55,1.3,47.44,521.58,2388.03,8136.44,8.3996,0.03,390,2388,100,39.02,23.4428
1,77,0.0022,0.0004,100,518.67,642.55,1586.3,1400.97,14.62,21.61,554.61,2388.06,9046.44,1.3,47.41,521.6,2388.08,8135.25,8.453,0.03,393,2388,100,38.99,23.275
1,78,0.004,0.0002,100,518.67,641.99,1580.76,1404.1,14.62,21.61,553.47,2388.08,9042.37,1.3,47.4,522.28,2388.16,8133.91,8.3793,0.03,392,2388,100,38.88,23.3486
1,79,0.0022,-0.0002,100,518.67,642.12,1582.46,1403.93,14.62,21.61,553.77,2388.04,9047.86,1.3,47.35,521.85,2388.13,8135.4,8.4132,0.03,394,2388,100,38.9,23.3121
1,80,-0.0002,-0.0004,100,518.67,641.94,1591.96,1393.58,14.62,21.61,553.91,2388.06,9043.67,1.3,47.64,521.52,2388.1,8134.66,8.4235,0.03,392,2388,100,38.89,23.3613
1,81,-0.0018,-0.0004,100,518.67,642.73,1584.82,1402.04,14.62,21.61,553.88,2388.1,9045.31,1.3,47.43,521.66,2388.05,8128.87,8.4247,0.03,392,2388,100,38.77,23.373
1,82,-0.0012,0.0001,100,518.67,642.04,1589.07,1399.17,14.62,21.61,554.18,2388.1,9048.22,1.3,47.25,521.95,2388.03,8134.04,8.3986,0.03,393,2388,100,38.89,23.2713
1,83,0.0004,0.0005,100,518.67,642.66,1588.05,1406.38,14.62,21.61,553.49,2388.08,9049.08,1.3,47.22,521.93,2388.05,8131.32,8.4128,0.03,391,2388,100,38.8,23.3274
1,84,0.0005,0.0002,100,518.67,642.64,1585.52,1406.6,14.62,21.61,553.91,2388.05,9050.47,1.3,47.38,521.54,2388.06,8131.54,8.4139,0.03,392,2388,100,38.73,23.2653
1,85,0.0025,0.0003,100,518.67,642.28,1590.12,1405.96,14.62,21.61,554.4,2388.01,9056.08,1.3,47.36,522.3,2388.05,8135.31,8.4499,0.03,392,2388,100,39.01,23.284
1,86,-0.0012,0.0004,100,518.67,641.84,1588.8,1403.56,14.62,21.61,553.69,2388.1,9047.26,1.3,47.38,521.82,2388.09,8130.06,8.4173,0.03,394,2388,100,38.94,23.3945
1,87,0,-0.0004,100,518.67,642.33,1586.69,1413.1,14.62,21.61,554.1,2388.14,9050.52,1.3,47.34,521.43,2388.06,8130.41,8.4326,0.03,391,2388,100,38.88,23.3402
1,88,0.0029,0.0003,100,518.67,641.96,1581.29,1406.09,14.62,21.61,554.48,2388.07,9046.73,1.3,47.46,522.2,2388.04,8131.47,8.4586,0.03,392,2388,100,38.9,23.3086
1,89,0.0008,-0.0001,100,518.67,642.24,1584.73,1402.22,14.62,21.61,553.91,2388.05,9055.24,1.3,47.46,521.55,2388.08,8135.15,8.4489,0.03,392,2388,100,38.95,23.3288
1,90,0.0017,-0.0001,100,518.67,642.67,1584.38,1412.93,14.62,21.61,552.88,2388.1,9051.27,1.3,47.32,521.49,2388.09,8129.72,8.3961,0.03,391,2388,100,38.98,23.4712
1,91,0.0025,-0.0004,100,518.67,641.98,1584.84,1404.76,14.62,21.61,553.54,2388.04,9050.72,1.3,47.32,521.55,2388.1,8134.4,8.3949,0.03,394,2388,100,39.11,23.3842
1,92,0.001,-0.0002,100,518.67,642.89,1590.03,1400.77,14.62,21.61,553.81,2388.14,9048.36,1.3,47.45,521.91,2388.05,8131.39,8.3982,0.03,392,2388,100,38.99,23.3522
1,93,0.0032,0.0002,100,518.67,642.85,1593.74,1408.48,14.62,21.61,554.07,2388.07,9047.87,1.3,47.46,521.43,2388.08,8133.15,8.421,0.03,392,2388,100,38.86,23.2477
1,94,-0.0021,0.0002,100,518.67,642.45,1583.27,1404.94,14.62,21.61,553.86,2388.15,9045.83,1.3,47.48,521.61,2388.07,8132.4,8.4524,0.03,393,2388,100,38.85,23.3758
1,95,0.0019,0.0003,100,518.67,642.86,1577.6,1410.1,14.62,21.61,553.91,2388.02,9048.85,1.3,47.38,521.92,2388.02,8131.63,8.4575,0.03,394,2388,100,38.76,23.3269
1,96,-0.0034,0.0001,100,518.67,642.19,1584.07,1395.16,14.62,21.61,553.34,2388.07,9048.71,1.3,47.39,521.66,2388.06,8130.69,8.4311,0.03,392,2388,100,38.88,23.3255
1,97,0.0035,-0.0003,100,518.67,642.07,1595.77,1407.81,14.62,21.61,553.4,2388.09,9046.1,1.3,47.46,521.67,2388.06,8128.74,8.4105,0.03,392,2388,100,39.01,23.2963
1,98,0.0006,0.0004,100,518.67,642,1591.11,1404.56,14.62,21.61,552.75,2388.06,9045.49,1.3,47.37,522.31,2388.06,8127.89,8.4012,0.03,391,2388,100,38.96,23.2554
1,99,-0.0005,0,100,518.67,642.46,1592.73,1406.13,14.62,21.61,553.76,2388.08,9045.14,1.3,47.4,521.42,2388.1,8131.77,8.4481,0.03,393,2388,100,38.82,23.2323
1,100,-0.0021,-0.0003,100,518.67,642.22,1589.63,1411.35,14.62,21.61,554.22,2388.07,9045.72,1.3,47.64,521.55,2388.08,8132.49,8.4241,0.03,392,2388,100,38.93,23.409
1,101,0.0012,0.0003,100,518.67,642.75,1584.18,1403.41,14.62,21.61,553.37,2388.06,9052.3,1.3,47.62,521.89,2388.08,8125.97,8.4353,0.03,391,2388,100,38.75,23.4149
1,102,0.0017,0.0005,100,518.67,642.85,1589.11,1403.42,14.62,21.61,553.42,2388.15,9051.36,1.3,47.49,521.38,2388.05,8130.4,8.4561,0.03,393,2388,100,38.94,23.3653
1,103,-0.0013,0.0001,100,518.67,642.21,1581.27,1403.21,14.62,21.61,553.64,2388.09,9053.28,1.3,47.57,521.41,2388.1,8124.4,8.4263,0.03,392,2388,100,38.69,23.4289
1,104,-0.0001,0.0001,100,518.67,642.29,1590.63,1406.25,14.62,21.61,553.66,2388.08,9044.73,1.3,47.34,522.38,2388.09,8131.89,8.4021,0.03,392,2388,100,38.96,23.3393
1,105,0.0024,0.0004,100,518.67,642.01,1588.28,1403.22,14.62,21.61,553.11,2388.09,9048.36,1.3,47.31,521.81,2388.08,8134.01,8.4326,0.03,393,2388,100,38.77,23.3857
1,106,0,0.0001,100,518.67,642.68,1589.05,1404.45,14.62,21.61,553.6,2388.08,9049.82,1.3,47.44,521.51,2388.09,8126.38,8.4664,0.03,392,2388,100,39.08,23.4148
1,107,-0.0012,-0.0001,100,518.67,642.53,1595.13,1407.73,14.62,21.61,553.74,2388.07,9048.68,1.3,47.35,521.75,2388.07,8132.4,8.4241,0.03,396,2388,100,39.01,23.4086
1,108,0.0008,0.0001,100,518.67,643.49,1585.91,1399.47,14.62,21.61,554.43,2388.14,9047.03,1.3,47.61,521.52,2388.03,8131.52,8.4133,0.03,393,2388,100,38.75,23.3032
1,109,-0.0011,-0.0003,100,518.67,642.49,1586.45,1409.1,14.62,21.61,553.59,2388.1,9051.13,1.3,47.58,521.62,2388.11,8130.97,8.3757,0.03,394,2388,100,39.05,23.3561
1,110,0,0.0004,100,518.67,642.55,1590.01,1401.27,14.62,21.61,554.08,2388.13,9051.4,1.3,47.55,522.01,2388.12,8127.16,8.4638,0.03,393,2388,100,39.06,23.2951
1,111,0.0008,0.0004,100,518.67,642.67,1584.38,1408.11,14.62,21.61,553.49,2388.12,9051.64,1.3,47.62,521.53,2388.14,8132.4,8.4447,0.03,392,2388,100,38.92,23.2135
1,112,0.0005,0.0003,100,518.67,642.66,1586.46,1401.84,14.62,21.61,553.19,2388.06,9051.28,1.3,47.22,521.9,2388.08,8131.52,8.4445,0.03,394,2388,100,38.84,23.3207
1,113,0.0007,0.0001,100,518.67,642.68,1590.85,1406.59,14.62,21.61,552.91,2388.1,9053.15,1.3,47.46,521.75,2388.16,8129.32,8.458,0.03,393,2388,100,38.9,23.3101
1,114,0.0003,0.0004,100,518.67,642.31,1588.42,1402.97,14.62,21.61,554.29,2388.07,9046.58,1.3,47.58,521.68,2388.15,8132.36,8.429,0.03,394,2388,100,38.89,23.3754
1,115,-0.0017,0.0005,100,518.67,642.66,1594.84,1406.6,14.62,21.61,554.13,2388.11,9050.37,1.3,47.43,521.36,2388.12,8127.6,8.4345,0.03,393,2388,100,38.93,23.3022
1,116,-0.002,-0.0003,100,518.67,642.64,1580.31,1401.99,14.62,21.61,554.4,2388.08,9049.71,1.3,47.43,521.6,2388.05,8134.46,8.4059,0.03,394,2388,100,39.03,23.3512
1,117,0.0005,0.0004,100,518.67,642.38,1589.77,1409.35,14.62,21.61,554.59,2388.1,9049.61,1.3,47.52,521.22,2388.1,8126.12,8.4256,0.03,391,2388,100,38.73,23.1766
1,118,-0.0006,-0.0004,100,518.67,642.34,1585.67,1409.34,14.62,21.61,554.25,2388.1,9051.12,1.3,47.55,521.31,2388.12,8135.21,8.4197,0.03,393,2388,100,38.88,23.2966
1,119,0.0013,0.0005,100,518.67,642.67,1596.8,1404.46,14.62,21.61,553.77,2388.1,9045.89,1.3,47.55,521.46,2388.09,8123.85,8.4194,0.03,394,2388,100,39.01,23.3188
1,120,-0.0024,0.0005,100,518.67,642.81,1593.78,1407.68,14.62,21.61,553.66,2388.1,9048.72,1.3,47.6,521.34,2388.1,8125.57,8.4029,0.03,393,2388,100,38.81,23.3061
1,121,-0.0033,0.0004,100,518.67,642.63,1593.56,1411.9,14.62,21.61,553.7,2388.07,9040.97,1.3,47.44,521.3,2388.04,8133.94,8.4263,0.03,394,2388,100,38.63,23.422
1,122,0.0026,-0.0001,100,518.67,643.3,1593.68,1413.97,14.62,21.61,553.43,2388.15,9042.39,1.3,47.6,520.92,2388.12,8131.81,8.4256,0.03,393,2388,100,38.86,23.2793
1,123,0.0016,-0.0002,100,518.67,643.39,1586.66,1403.04,14.62,21.61,552.64,2388.12,9049.44,1.3,47.41,521.6,2388.17,8129.72,8.4396,0.03,392,2388,100,38.9,23.292
1,124,0.0025,0.0002,100,518.67,642.48,1587.14,1402.28,14.62,21.61,552.26,2388.13,9053.03,1.3,47.55,521.4,2388.13,8133.82,8.4416,0.03,393,2388,100,38.8,23.2341
1,125,-0.0004,0.0005,100,518.67,642.96,1585.47,1406.42,14.62,21.61,552.44,2388.13,9046.16,1.3,47.63,521.57,2388.11,8126.33,8.4079,0.03,394,2388,100,38.68,23.3039
1,126,0.0016,0.0001,100,518.67,642.49,1582.64,1418.5,14.62,21.61,553.72,2388.05,9049.11,1.3,47.49,521.35,2388.08,8130.94,8.4378,0.03,392,2388,100,38.85,23.2289
1,127,-0.001,0.0002,100,518.67,642.99,1586.9,1399.49,14.62,21.61,553.81,2388.09,9047.9,1.3,47.63,521.34,2388.1,8133,8.4626,0.03,393,2388,100,38.91,23.2772
1,128,-0.0006,0.0003,100,518.67,642.47,1593.87,1407.06,14.62,21.61,552.74,2388.13,9056.59,1.3,47.62,521.96,2388.16,8132.08,8.4413,0.03,393,2388,100,38.85,23.2641
1,129,-0.0033,0.0003,100,518.67,642.41,1591.33,1408.42,14.62,21.61,552.42,2388.09,9046.08,1.3,47.61,522.02,2388.13,8127.33,8.4681,0.03,393,2388,100,38.84,23.2656
1,130,-0.0007,0.0002,100,518.67,642.7,1585.9,1412.25,14.62,21.61,552.66,2388.13,9042.97,1.3,47.46,521.49,2388.07,8125.29,8.3938,0.03,394,2388,100,38.71,23.3461
1,131,0.0002,-0.0001,100,518.67,643.01,1585.78,1413.25,14.62,21.61,553.7,2388.11,9045.1,1.3,47.7,521.45,2388.13,8126.38,8.4328,0.03,391,2388,100,38.73,23.3435
1,132,0.0032,-0.0001,100,518.67,643.19,1596.06,1405.76,14.62,21.61,553.16,2388.17,9044.04,1.3,47.56,521.64,2388.16,8128.92,8.4227,0.03,393,2388,100,38.53,23.3186
1,133,0.0032,-0.0002,100,518.67,642.45,1592.64,1410.11,14.62,21.61,553.82,2388.11,9050.95,1.3,47.57,521.23,2388.09,8130.93,8.4604,0.03,394,2388,100,38.95,23.2521
1,134,-0.0014,0,100,518.67,642.85,1583.62,1402.67,14.62,21.61,553.2,2388.11,9046.16,1.3,47.75,521.52,2388.13,8131.3,8.4293,0.03,393,2388,100,38.68,23.2833
1,135,-0.0017,0.0001,100,518.67,642.45,1585.55,1406.83,14.62,21.61,553.09,2388.14,9050.65,1.3,47.34,520.99,2388.12,8129.34,8.4242,0.03,392,2388,100,38.85,23.2744
1,136,0.003,-0.0001,100,518.67,642.84,1584.72,1404.39,14.62,21.61,554.18,2388.06,9040.89,1.3,47.43,521.54,2388.11,8130.43,8.4469,0.03,393,2388,100,38.76,23.1699
1,137,-0.0011,0,100,518.67,642.43,1594.69,1405.15,14.62,21.61,553.39,2388.14,9040.55,1.3,47.89,521.63,2388.12,8128.81,8.449,0.03,394,2388,100,38.87,23.2593
1,138,-0.0011,0.0001,100,518.67,642.79,1589.82,1413.34,14.62,21.61,552.91,2388.11,9049.64,1.3,47.4,521.57,2388.18,8129.67,8.4208,0.03,392,2388,100,39,23.3664
1,139,-0.0014,0.0005,100,518.67,643.11,1592.28,1412.6,14.62,21.61,553.25,2388.06,9044.81,1.3,47.67,521.03,2388.15,8124.97,8.4621,0.03,394,2388,100,38.88,23.3422
1,140,-0.0006,-0.0001,100,518.67,643.05,1590.89,1408.36,14.62,21.61,552.15,2388.17,9055.85,1.3,47.51,521.27,2388.05,8130.27,8.4397,0.03,393,2388,100,38.82,23.3704
1,141,-0.0023,0.0005,100,518.67,642.39,1590.02,1415.25,14.62,21.61,553.45,2388.13,9050.86,1.3,47.49,521.06,2388.16,8120.93,8.4641,0.03,394,2388,100,39.02,23.2382
1,142,0.0026,0.0002,100,518.67,642.51,1595.29,1413.42,14.62,21.61,553.11,2388.1,9046.61,1.3,47.59,520.44,2388.18,8124.87,8.4291,0.03,392,2388,100,38.71,23.2816
1,143,-0.0005,-0.0003,100,518.67,642.77,1593.1,1404.21,14.62,21.61,553.62,2388.13,9050.63,1.3,47.52,520.98,2388.11,8126.81,8.4419,0.03,393,2388,100,38.79,23.2305
1,144,0.0025,-0.0004,100,518.67,643.09,1591.89,1405.76,14.62,21.61,553.77,2388.17,9049.33,1.3,47.57,521.11,2388.17,8125.47,8.4601,0.03,393,2388,100,38.75,23.2249
1,145,-0.0004,-0.0001,100,518.67,642.95,1594.92,1409.63,14.62,21.61,553.03,2388.13,9046.92,1.3,47.54,521.13,2388.15,8130.91,8.4644,0.03,395,2388,100,38.67,23.149
1,146,0.0002,-0.0003,100,518.67,642.72,1586.75,1408.82,14.62,21.61,552.6,2388.12,9045.99,1.3,47.63,521.13,2388.12,8129.19,8.4312,0.03,392,2388,100,38.69,23.3233
1,147,0.0047,0.0001,100,518.67,642.25,1594.85,1409.96,14.62,21.61,553.09,2388.14,9041.24,1.3,47.8,520.92,2388.12,8126.13,8.4428,0.03,393,2388,100,38.77,23.2684
1,148,0.001,-0.0004,100,518.67,643.02,1590.03,1411.89,14.62,21.61,552.84,2388.16,9040.93,1.3,47.49,521.08,2388.15,8124.48,8.4276,0.03,392,2388,100,38.77,23.2498
1,149,0.0025,0.0004,100,518.67,642.9,1592.78,1410.7,14.62,21.61,552.54,2388.17,9057.24,1.3,47.83,521.13,2388.15,8124.34,8.4731,0.03,394,2388,100,38.77,23.2565
1,150,0.001,-0.0003,100,518.67,643.06,1589.01,1409.22,14.62,21.61,553.57,2388.12,9044.76,1.3,47.6,520.5,2388.21,8122.99,8.4726,0.03,394,2388,100,38.68,23.2082
1,151,-0.0019,-0.0001,100,518.67,642.82,1592.39,1411.94,14.62,21.61,552.41,2388.14,9048.12,1.3,47.58,520.94,2388.22,8127.21,8.4612,0.03,394,2388,100,38.56,23.2277
1,152,0.0009,-0.0001,100,518.67,642.67,1598.6,1420.83,14.62,21.61,552.62,2388.18,9043.9,1.3,47.72,520.39,2388.19,8119,8.4572,0.03,395,2388,100,38.77,23.2369
1,153,0.0011,-0.0004,100,518.67,642.99,1589.17,1414.56,14.62,21.61,552.68,2388.14,9049.43,1.3,47.74,520.69,2388.17,8124.14,8.4435,0.03,393,2388,100,38.78,23.1719
1,154,-0.0012,0,100,518.67,642.81,1597.03,1416.07,14.62,21.61,552.57,2388.14,9049.08,1.3,47.73,520.72,2388.18,8129.24,8.4794,0.03,394,2388,100,38.82,23.2366
1,155,-0.0033,0.0002,100,518.67,642.83,1590.4,1414.89,14.62,21.61,552.89,2388.16,9049.56,1.3,47.61,521.23,2388.17,8120.41,8.4729,0.03,394,2388,100,38.68,23.2749
1,156,-0.002,0.0003,100,518.67,643.04,1585.61,1421.23,14.62,21.61,553.24,2388.26,9044.21,1.3,47.58,520.75,2388.16,8128.48,8.4432,0.03,395,2388,100,38.77,23.2791
1,157,-0.0018,0.0002,100,518.67,642.2,1598.04,1412.47,14.62,21.61,552.32,2388.14,9053.12,1.3,47.72,520.94,2388.17,8125.07,8.4328,0.03,392,2388,100,38.67,23.2354
1,158,-0.0023,0.0001,100,518.67,642.88,1596.82,1410.09,14.62,21.61,553.19,2388.2,9049.22,1.3,47.68,520.88,2388.22,8126.33,8.4368,0.03,394,2388,100,38.75,23.2894
1,159,-0.0006,0.0001,100,518.67,642.89,1589.54,1420.37,14.62,21.61,552.18,2388.13,9048.06,1.3,47.76,520.65,2388.23,8127.61,8.4403,0.03,394,2388,100,38.76,23.253
1,160,-0.0006,-0.0004,100,518.67,643.45,1590.65,1418.08,14.62,21.61,551.87,2388.21,9045.42,1.3,47.84,520.47,2388.22,8122.68,8.4433,0.03,396,2388,100,38.52,23.2817
1,161,0.0008,0.0001,100,518.67,643,1594.2,1417.31,14.62,21.61,552.8,2388.18,9048.06,1.3,47.77,520.47,2388.18,8126.97,8.4405,0.03,394,2388,100,38.66,23.2962
1,162,-0.0005,0.0004,100,518.67,643.15,1592.22,1423.48,14.62,21.61,552.68,2388.15,9044.45,1.3,47.79,520.44,2388.2,8123.77,8.5015,0.03,394,2388,100,38.78,23.1538
1,163,0.0003,-0.0004,100,518.67,642.85,1600.54,1421.09,14.62,21.61,552.41,2388.2,9049.24,1.3,47.89,520.3,2388.2,8124.06,8.5129,0.03,393,2388,100,38.65,23.1419
1,164,0.0005,-0.0002,100,518.67,643.17,1598.96,1416.76,14.62,21.61,551.9,2388.17,9048.92,1.3,47.7,520.63,2388.28,8124.63,8.4803,0.03,394,2388,100,38.62,23.1761
1,165,0.001,0.0004,100,518.67,642.76,1597.03,1408.09,14.62,21.61,552.79,2388.19,9039.09,1.3,47.89,520.69,2388.24,8126.53,8.4922,0.03,393,2388,100,38.59,23.2129
1,166,-0.0022,-0.0003,100,518.67,643.34,1596.72,1422.37,14.62,21.61,552.13,2388.22,9043.11,1.3,47.86,520.02,2388.22,8119.14,8.4663,0.03,395,2388,100,38.62,23.145
1,167,0.0012,0.0003,100,518.67,643.02,1593.83,1414.72,14.62,21.61,552.57,2388.23,9042.05,1.3,47.85,520.49,2388.18,8122.41,8.4632,0.03,394,2388,100,38.77,23.3011
1,168,-0.0043,0.0002,100,518.67,642.68,1591.19,1415.7,14.62,21.61,552.09,2388.22,9036.35,1.3,47.84,520.78,2388.19,8124.44,8.4925,0.03,393,2388,100,38.76,23.277
1,169,-0.0017,0.0004,100,518.67,643.2,1590.16,1418.05,14.62,21.61,552.71,2388.25,9055.18,1.3,47.88,520.44,2388.18,8125.3,8.4767,0.03,394,2388,100,38.58,23.187
1,170,-0.0017,-0.0002,100,518.67,642.92,1592.71,1417.41,14.62,21.61,552.02,2388.21,9044.03,1.3,47.86,520.23,2388.26,8121.76,8.49,0.03,395,2388,100,38.66,23.1615
1,171,0.0004,-0.0003,100,518.67,643.26,1592.06,1414.99,14.62,21.61,552.71,2388.2,9042.12,1.3,48.03,519.85,2388.22,8124.87,8.4922,0.03,395,2388,100,38.68,23.2444
1,172,-0.0014,-0.0003,100,518.67,643.33,1591.71,1413.73,14.62,21.61,551.69,2388.24,9039.1,1.3,48.07,520.54,2388.26,8120.08,8.4595,0.03,393,2388,100,38.65,23.1585
1,173,-0.0032,0.0002,100,518.67,642.97,1590.69,1425.27,14.62,21.61,552.13,2388.22,9048.82,1.3,47.9,520.11,2388.23,8121.64,8.5091,0.03,395,2388,100,38.59,23.1789
1,174,-0.0001,-0.0002,100,518.67,642.64,1599.81,1422.58,14.62,21.61,552.32,2388.22,9041.25,1.3,48,520.22,2388.21,8119.17,8.4476,0.03,393,2388,100,38.57,23.0357
1,175,0.0001,0.0002,100,518.67,643.61,1603.29,1422.52,14.62,21.61,551.64,2388.23,9042.66,1.3,47.86,520.38,2388.22,8125.76,8.489,0.03,394,2388,100,38.58,23.1573
1,176,-0.002,-0.0003,100,518.67,642.86,1592.27,1422.73,14.62,21.61,551.91,2388.23,9045.74,1.3,47.84,519.8,2388.2,8123.8,8.4853,0.03,394,2388,100,38.72,23.2491
1,177,-0.0038,-0.0003,100,518.67,643.79,1602.02,1423.99,14.62,21.61,551.93,2388.25,9046.2,1.3,48.03,520.24,2388.23,8120.11,8.4779,0.03,396,2388,100,38.63,23.1673
1,178,-0.0001,0.0002,100,518.67,643.38,1605.33,1424.65,14.62,21.61,552.18,2388.23,9046.17,1.3,48,520.2,2388.2,8116.56,8.477,0.03,395,2388,100,38.65,23.177
1,179,0.0023,-0.0003,100,518.67,642.86,1592.56,1429.45,14.62,21.61,551.57,2388.26,9044.23,1.3,48.02,520.38,2388.18,8116.84,8.4947,0.03,395,2388,100,38.77,23.1888
1,180,-0.0024,0,100,518.67,643.58,1599.87,1417.14,14.62,21.61,552.91,2388.21,9039.33,1.3,47.85,519.84,2388.28,8122.57,8.4737,0.03,395,2388,100,38.86,23.007
1,181,-0.0006,0.0005,100,518.67,643.44,1596.71,1420.64,14.62,21.61,551.83,2388.23,9038.29,1.3,48.1,520.43,2388.23,8114.79,8.472,0.03,397,2388,100,38.34,23.1652
1,182,-0.001,0.0003,100,518.67,644.21,1602.08,1426.62,14.62,21.61,551.9,2388.26,9041.23,1.3,47.98,520.46,2388.25,8119.67,8.5158,0.03,397,2388,100,38.43,23.1787
1,183,0.0001,0.0001,100,518.67,643.24,1597.23,1419.03,14.62,21.61,551.38,2388.21,9040.94,1.3,48.03,520.05,2388.23,8117.8,8.5041,0.03,396,2388,100,38.56,23.1302
1,184,0.0004,0.0003,100,518.67,644.07,1605.44,1432.52,14.62,21.61,551,2388.24,9047.91,1.3,48.07,519.77,2388.28,8115.61,8.5133,0.03,395,2388,100,38.43,23.0146
1,185,0.0008,0.0001,100,518.67,643.8,1603.46,1424.4,14.62,21.61,551.64,2388.29,9043.71,1.3,48.15,519.82,2388.27,8113.69,8.4984,0.03,395,2388,100,38.51,23.07
1,186,0.0027,-0.0003,100,518.67,643.51,1595.16,1426.3,14.62,21.61,552.57,2388.21,9051.37,1.3,48.12,520.08,2388.25,8123.45,8.5227,0.03,397,2388,100,38.47,23.0564
1,187,-0.0047,0,100,518.67,643.32,1592.1,1427.27,14.62,21.61,551.08,2388.29,9037.71,1.3,48.23,519.53,2388.28,8115.67,8.5218,0.03,396,2388,100,38.42,23.0822
1,188,-0.0067,0.0003,100,518.67,643.75,1602.38,1422.78,14.62,21.61,551.94,2388.31,9037.91,1.3,48,519.79,2388.23,8117.69,8.5207,0.03,396,2388,100,38.51,22.9588
1,189,-0.0006,0.0002,100,518.67,644.18,1596.17,1428.01,14.62,21.61,550.7,2388.27,9044.55,1.3,48.08,519.58,2388.33,8117.51,8.5183,0.03,395,2388,100,38.48,23.1127
1,190,-0.0027,0.0001,100,518.67,643.64,1599.22,1425.95,14.62,21.61,551.29,2388.29,9040.58,1.3,48.33,520.04,2388.35,8112.58,8.5223,0.03,398,2388,100,38.49,23.0675
1,191,0,-0.0004,100,518.67,643.34,1602.36,1425.77,14.62,21.61,550.92,2388.28,9042.76,1.3,48.15,519.57,2388.3,8114.61,8.5174,0.03,394,2388,100,38.45,23.1295
1,192,0.0009,0,100,518.67,643.54,1601.41,1427.2,14.62,21.61,551.25,2388.32,9033.22,1.3,48.25,520.08,2388.32,8110.93,8.5113,0.03,396,2388,100,38.48,22.9649
2,1,-0.0018,0.0006,100,518.67,641.89,1583.84,1391.28,14.62,21.6,554.53,2388.01,9054.72,1.3,46.93,522.33,2388.06,8137.72,8.3905,0.03,391,2388,100,38.94,23.4585
2,2,0.0043,-0.0003,100,518.67,641.82,1587.05,1393.13,14.62,21.61,554.77,2387.98,9051.31,1.3,47.24,522.7,2387.98,8131.09,8.4167,0.03,392,2388,100,39.06,23.4085
2,3,0.0018,0.0003,100,518.67,641.55,1588.32,1398.96,14.62,21.6,555.14,2388.04,9054.24,1.3,47.22,522.58,2387.99,8140.58,8.3802,0.03,391,2388,100,39.11,23.425
2,4,0.0035,-0.0004,100,518.67,641.68,1584.15,1396.08,14.62,21.61,554.25,2387.98,9058.01,1.3,47.1,522.49,2387.93,8140.44,8.4018,0.03,391,2388,100,39.13,23.5027
2,5,0.0005,0.0004,100,518.67,641.73,1579.03,1402.52,14.62,21.6,555.12,2388.03,9058.15,1.3,47.25,522.27,2387.94,8136.67,8.3867,0.03,390,2388,100,39.18,23.4234
2,6,-0.001,0.0004,100,518.67,641.3,1577.5,1396.76,14.62,21.61,554.98,2388.04,9054.07,1.3,47.05,522.8,2387.99,8133.65,8.38,0.03,392,2388,100,39.15,23.427
2,7,0.0001,-0.0002,100,518.67,642.03,1587.49,1400.65,14.62,21.61,554.84,2388.05,9052.67,1.3,47.1,522.14,2388.04,8136.33,8.3941,0.03,391,2388,100,39.1,23.4718
2,8,0.0015,-0.0004,100,518.67,642.55,1590.41,1395.39,14.62,21.61,554.65,2388.01,9055.82,1.3,47.2,522.77,2387.96,8137.92,8.3861,0.03,391,2388,100,39.11,23.4381
2,9,0.0017,-0.0004,100,518.67,641.98,1581.99,1395.01,14.62,21.6,554.69,2388.02,9051.67,1.3,47.14,522.4,2387.98,8145.29,8.3868,0.03,390,2388,100,39.06,23.4875
2,10,-0.0045,0.0002,100,518.67,641.99,1586.37,1394.86,14.62,21.6,554.63,2387.99,9058.88,1.3,47.21,521.99,2387.97,8138.64,8.3982,0.03,391,2388,100,39.2,23.6005
2,11,0.0006,0.0004,100,518.67,642.26,1589.21,1401.29,14.62,21.61,554.7,2388.01,9053.21,1.3,47.21,522.2,2388.03,8135.85,8.4188,0.03,392,2388,100,39.23,23.3888
2,12,0.0002,0.0006,100,518.67,641.64,1579.99,1401.9,14.62,21.61,554.57,2387.98,9047.89,1.3,47.13,521.94,2387.97,8136.49,8.3925,0.03,392,2388,100,39.12,23.4201
2,13,0.0007,0.0005,100,518.67,641.78,1586.77,1401.53,14.62,21.61,554.69,2387.94,9053.63,1.3,47.03,522.33,2387.99,8140.61,8.3742,0.03,391,2388,100,38.88,23.4317
2,14,-0.0024,-0.0004,100,518.67,641.66,1584.04,1395.46,14.62,21.61,554.47,2388.01,9047.3,1.3,47.12,523.07,2387.98,8140.09,8.3887,0.03,391,2388,100,38.93,23.4074
2,15,-0.0012,-0.0003,100,518.67,642.21,1579.84,1402.11,14.62,21.61,554.17,2388.02,9049.82,1.3,47.17,521.96,2388.02,8137.72,8.3704,0.03,393,2388,100,38.94,23.4311
2,16,-0.001,0.0003,100,518.67,641.81,1581.99,1393.46,14.62,21.61,554.53,2387.99,9051.79,1.3,47.24,522.49,2387.95,8133.45,8.3805,0.03,392,2388,100,39.01,23.4462
2,17,0.0003,-0.0001,100,518.67,642.43,1583.58,1390.27,14.62,21.61,553.62,2388.04,9052.05,1.3,47.13,522.71,2388.08,8134.78,8.3714,0.03,391,2388,100,39.04,23.5245
2,18,0.0014,0.0001,100,518.67,641.95,1588.43,1400.25,14.62,21.61,554.83,2388,9051.35,1.3,47.22,522.92,2388,8133.2,8.4053,0.03,391,2388,100,39,23.4203
2,19,0.0025,0.0001,100,518.67,641.75,1576.84,1401.77,14.62,21.61,555.25,2388.02,9055.07,1.3,47.14,522.38,2387.98,8137.51,8.4035,0.03,392,2388,100,39.1,23.4102
2,20,0.0042,-0.0004,100,518.67,642.34,1582.94,1394.38,14.62,21.61,554.64,2388,9050.27,1.3,47.14,522.54,2387.94,8139.83,8.3698,0.03,391,2388,100,39.02,23.3821
2,21,-0.0023,0.0001,100,518.67,642.05,1579.51,1392.28,14.62,21.61,554.72,2388.03,9055.29,1.3,47.04,522.58,2388.01,8136.57,8.3954,0.03,391,2388,100,39.24,23.5014
2,22,0.0024,0.0006,100,518.67,642.16,1580.18,1397.67,14.62,21.61,554.35,2387.96,9053.31,1.3,47.17,521.73,2388.04,8140.79,8.3792,0.03,391,2388,100,38.98,23.4241
2,23,-0.0013,0.0003,100,518.67,642.37,1580.89,1387.5,14.62,21.61,554.69,2387.96,9051.43,1.3,47.21,522.26,2388.07,8131.57,8.3937,0.03,393,2388,100,39.1,23.2867
2,24,-0.0019,0,100,518.67,641.99,1580.97,1398.67,14.62,21.61,553.5,2387.98,9052.35,1.3,47.15,522.25,2387.97,8136.16,8.3866,0.03,391,2388,100,39.18,23.3981
2,25,0.0063,0.0001,100,518.67,641.81,1585.38,1396.62,14.62,21.61,554.14,2388,9055.28,1.3,47.19,522.31,2388.03,8136.97,8.3959,0.03,391,2388,100,38.99,23.4883
2,26,-0.0011,0.0003,100,518.67,641.87,1575.38,1392.3,14.62,21.61,554.03,2387.98,9050.81,1.3,47.12,522.8,2388,8137.27,8.3472,0.03,391,2388,100,38.96,23.4691
2,27,0.0006,0.0005,100,518.67,642.12,1585.44,1402.31,14.62,21.61,555.16,2388.03,9058.01,1.3,47.03,522.11,2388.06,8137.73,8.4077,0.03,392,2388,100,38.96,23.4275
2,28,0.0037,0.0005,100,518.67,642.04,1581.6,1397.45,14.62,21.61,554.77,2387.99,9053.78,1.3,46.99,522.68,2387.93,8136.55,8.3734,0.03,390,2388,100,38.95,23.4395
2,29,-0.0032,-0.0003,100,518.67,642.08,1583.78,1398.08,14.62,21.61,554.75,2388,9055.84,1.3,47.11,522.26,2388.02,8140.77,8.37,0.03,390,2388,100,38.97,23.4249
2,30,0.0012,0,100,518.67,641.78,1590.32,1395.07,14.62,21.61,554.62,2387.98,9050.8,1.3,47.2,522.43,2388,8136.63,8.419,0.03,391,2388,100,39.1,23.3985
2,31,-0.0009,0.0005,100,518.67,641.97,1579.86,1390.94,14.62,21.61,554.8,2388,9049.93,1.3,47.05,522.17,2388.04,8131.62,8.4393,0.03,391,2388,100,39.17,23.4154
2,32,0.0013,-0.0001,100,518.67,641.58,1584.52,1391.11,14.62,21.61,554.56,2387.98,9045.87,1.3,47.12,522.54,2387.98,8138.76,8.3783,0.03,390,2388,100,38.97,23.4006
2,33,-0.0032,0.0004,100,518.67,641.79,1585.17,1396.15,14.62,21.61,553.62,2388.01,9051.18,1.3,47.09,522.26,2387.99,8133.62,8.4102,0.03,392,2388,100,39.01,23.4434
2,34,0.0042,0.0003,100,518.67,642.12,1584.08,1394.24,14.62,21.61,555.09,2388,9059.29,1.3,47.22,522.64,2387.96,8139.8,8.4188,0.03,390,2388,100,38.87,23.4571
2,35,0.002,0.0002,100,518.67,641.37,1575.73,1392.55,14.62,21.61,554.73,2388.02,9057.34,1.3,47.25,522,2388,8142.08,8.4164,0.03,394,2388,100,39.06,23.5283
2,36,0.0013,0.0004,100,518.67,641.27,1581.56,1397.13,14.62,21.61,554.59,2388.02,9055.79,1.3,47.21,522.32,2388,8142.06,8.3709,0.03,391,2388,100,39.12,23.3881
2,37,0.005,0.0005,100,518.67,642.1,1585.63,1396.29,14.62,21.61,555.01,2388.04,9058.16,1.3,47.16,522.69,2388.02,8136.08,8.3609,0.03,391,2388,100,39.08,23.4047
2,38,0.0013,0.0005,100,518.67,642.22,1585.15,1397.75,14.62,21.61,554.21,2388,9055.35,1.3,47.22,522.13,2388.05,8134.91,8.4069,0.03,390,2388,100,39.09,23.4191
2,39,-0.0018,0.0005,100,518.67,642,1585.69,1391.49,14.62,21.61,554.05,2388,9061.16,1.3,47.2,522.79,2388.05,8138.78,8.3755,0.03,391,2388,100,39.02,23.4489
2,40,0.0005,0.0005,100,518.67,642.02,1582.69,1398.38,14.62,21.61,554.07,2388.03,9046.96,1.3,47.22,522.3,2388.01,8137.16,8.401,0.03,391,2388,100,38.84,23.4402
2,41,0.0015,0.0006,100,518.67,642.41,1578.97,1398.74,14.62,21.61,554.34,2388.04,9053.6,1.3,47.26,522.22,2388.01,8140.84,8.3856,0.03,392,2388,100,38.94,23.3071
2,42,0.0016,0.0005,100,518.67,642.27,1579.21,1392.13,14.62,21.61,553.98,2387.97,9046.36,1.3,47.14,522.87,2388,8135.3,8.3449,0.03,392,2388,100,39.08,23.4631
2,43,0.0027,0,100,518.67,642.02,1580.59,1391.6,14.62,21.61,554.14,2388.04,9053.65,1.3,47.08,522.9,2388.02,8135.14,8.4144,0.03,392,2388,100,38.92,23.4966
2,44,0.0003,0.0003,100,518.67,642.01,1584.33,1398.69,14.62,21.61,554.16,2388.04,9057.05,1.3,47.22,522.77,2388.06,8137.23,8.4087,0.03,392,2388,100,39.03,23.4546
2,45,-0.0014,-0.0002,100,518.67,642.05,1586.41,1397.6,14.62,21.61,554.2,2388.05,9060.38,1.3,47.17,522.27,2388,8141.93,8.3847,0.03,390,2388,100,38.99,23.4284
2,46,0.0002,-0.0003,100,518.67,642.15,1575.45,1392.6,14.62,21.61,554.54,2388,9053.33,1.3,47.19,522.08,2388.05,8140.52,8.3994,0.03,390,2388,100,38.93,23.5041
2,47,0.0021,0.0003,100,518.67,642.4,1583.85,1396.46,14.62,21.61,554.96,2388.04,9046.52,1.3,47.03,522.73,2388,8136.97,8.3756,0.03,391,2388,100,38.89,23.3447
2,48,0.0006,-0.0001,100,518.67,642.09,1586.71,1397.95,14.62,21.61,554.67,2387.99,9057.73,1.3,47.18,522.41,2387.98,8134.97,8.3821,0.03,392,2388,100,39.23,23.4336
2,49,-0.0006,0.0005,100,518.67,642.85,1583.86,1396.5,14.62,21.61,554.04,2388.04,9049.11,1.3,47.18,522.83,2387.99,8135.93,8.4024,0.03,390,2388,100,39.17,23.4871
2,50,-0.0002,-0.0004,100,518.67,642.02,1577.86,1399.78,14.62,21.61,554.73,2388,9051.65,1.3,47.16,522.16,2388.05,8138.46,8.4042,0.03,391,2388,100,39.1,23.353
2,51,0.0008,0.0003,100,518.67,642.03,1585.34,1393.06,14.62,21.61,555.02,2388.02,9055.92,1.3,47.03,522.34,2388.01,8137.89,8.3731,0.03,392,2388,100,38.9,23.3239
2,52,-0.001,-0.0001,100,518.67,641.52,1588.48,1401.66,14.62,21.6,554.76,2388,9056.25,1.3,47.09,522.58,2388.01,8134.22,8.4064,0.03,392,2388,100,39.08,23.3668
2,53,-0.0023,-0.0001,100,518.67,642,1584.9,1397.09,14.62,21.61,554.33,2388.05,9051.78,1.3,46.98,522.73,2388.01,8137.95,8.411,0.03,391,2388,100,38.95,23.5307
2,54,0.0004,-0.0003,100,518.67,641.58,1583.46,1405.33,14.62,21.61,554.42,2388.01,9046.85,1.3,47.1,522.48,2387.99,8141.65,8.4057,0.03,392,2388,100,39.13,23.3626
2,55,-0.0035,-0.0004,100,518.67,642.33,1585.59,1387.16,14.62,21.6,554.54,2388.02,9044.62,1.3,47.18,522.7,2388.02,8134.65,8.4077,0.03,392,2388,100,39.11,23.3779
2,56,-0.0035,0.0002,100,518.67,641.84,1587.04,1388.97,14.62,21.61,554.72,2388.02,9052.27,1.3,47.03,522.1,2388.01,8139.72,8.393,0.03,391,2388,100,39.1,23.3796
2,57,-0.0003,-0.0001,100,518.67,642.5,1584.13,1389.62,14.62,21.61,553.87,2388.05,9052.86,1.3,47.17,521.98,2387.96,8136.88,8.4008,0.03,391,2388,100,39.23,23.4544
2,58,0,-0.0002,100,518.67,642.3,1582.93,1389.91,14.62,21.61,554.46,2388.03,9047.75,1.3,47.3,522.24,2387.98,8134.92,8.3731,0.03,391,2388,100,39.15,23.3861
2,59,0.0032,0,100,518.67,642.48,1584.24,1397.95,14.62,21.61,554.6,2388.08,9053.2,1.3,47.17,522.78,2388,8136.9,8.4036,0.03,391,2388,100,39.04,23.4347
2,60,0.0014,-0.0002,100,518.67,642.09,1584.57,1396.84,14.62,21.61,554.06,2388.04,9057.57,1.3,47.12,521.93,2388.02,8141.27,8.4003,0.03,393,2388,100,39.11,23.3928
2,61,-0.0044,0.0001,100,518.67,642.41,1585.45,1399.71,14.62,21.61,555.08,2388.03,9057.02,1.3,47.09,522.69,2387.99,8135.88,8.4006,0.03,391,2388,100,39.04,23.2745
2,62,-0.0017,-0.0001,100,518.67,641.81,1577.87,1401.66,14.62,21.61,554.52,2388.03,9048.8,1.3,47.27,521.78,2387.98,8135.86,8.4193,0.03,391,2388,100,39.23,23.4442
2,63,-0.0014,0.0005,100,518.67,641.91,1575.83,1395.05,14.62,21.61,554.63,2388,9061.57,1.3,47.17,522.15,2388.01,8134.72,8.3867,0.03,392,2388,100,38.98,23.325
2,64,0,0.0001,100,518.67,641.66,1581.65,1401.46,14.62,21.61,554.93,2388.02,9048.35,1.3,47.11,522.18,2388.05,8136.88,8.4144,0.03,391,2388,100,39.07,23.398
2,65,0.0008,0,100,518.67,641.7,1582.59,1395.4,14.62,21.6,554.28,2388,9057.07,1.3,47.34,522.52,2387.98,8135.72,8.4128,0.03,391,2388,100,38.92,23.3455
2,66,0.0005,-0.0002,100,518.67,642.26,1584.6,1394.01,14.62,21.61,554.11,2388.06,9054.62,1.3,47.17,522.65,2387.98,8138.89,8.4121,0.03,392,2388,100,39,23.426
2,67,-0.0036,-0.0001,100,518.67,642.17,1587.63,1395.44,14.62,21.61,554.99,2388.1,9048.97,1.3,46.96,522.58,2388,8138.81,8.3761,0.03,393,2388,100,39.02,23.3933
2,68,0.0008,0.0001,100,518.67,642.5,1577.16,1399.27,14.62,21.61,554.07,2387.97,9054.61,1.3,47.16,522.2,2388,8137.75,8.4141,0.03,392,2388,100,38.97,23.4076
2,69,-0.0004,0,100,518.67,642.73,1586.47,1399.73,14.62,21.61,554.35,2388.01,9049.25,1.3,47.33,522.21,2387.97,8136.47,8.4116,0.03,392,2388,100,39.09,23.3783
2,70,0.0005,-0.0002,100,518.67,641.76,1593.24,1397.3,14.62,21.61,554.47,2388.05,9049.78,1.3,47.26,522.17,2387.98,8134.06,8.4118,0.03,392,2388,100,39.06,23.3894
2,71,-0.0004,0.0002,100,518.67,642.39,1586.68,1403.09,14.62,21.61,555.01,2388,9053.44,1.3,47.24,522.02,2387.94,8131.12,8.3993,0.03,392,2388,100,38.92,23.317
2,72,-0.0007,-0.0001,100,518.67,642.48,1583.11,1393.85,14.62,21.61,554.54,2388.03,9057.61,1.3,47.19,522.4,2388.02,8136.69,8.4012,0.03,392,2388,100,39.12,23.4393
2,73,-0.0004,-0.0001,100,518.67,641.73,1586.57,1400.98,14.62,21.61,554.41,2388.01,9057.35,1.3,47.15,522.95,2388.02,8142.06,8.3896,0.03,390,2388,100,38.94,23.4567
2,74,-0.0013,0.0001,100,518.67,642.39,1584.04,1396.13,14.62,21.6,555.36,2388.01,9060.56,1.3,47.25,521.97,2388.03,8138.8,8.3932,0.03,391,2388,100,39.07,23.4015
2,75,0.0025,0.0004,100,518.67,641.64,1578.27,1390.64,14.62,21.6,555.45,2387.95,9053.52,1.3,47.09,522.54,2388.07,8133.37,8.3944,0.03,392,2388,100,38.99,23.421
2,76,-0.0037,0.0001,100,518.67,642.01,1586.91,1399.66,14.62,21.61,554.05,2388.05,9052.13,1.3,46.99,522.08,2388.07,8136.29,8.3629,0.03,392,2388,100,38.88,23.4591
2,77,0.0003,0,100,518.67,641.97,1588.54,1395.38,14.62,21.61,554.06,2388.02,9052.12,1.3,46.95,522.36,2388.02,8138.64,8.4399,0.03,392,2388,100,39.01,23.4969
2,78,0.0004,-0.0001,100,518.67,642.44,1587.2,1394.24,14.62,21.61,554.83,2387.99,9058.82,1.3,47.12,522.57,2387.98,8135.85,8.4018,0.03,391,2388,100,38.96,23.5367
2,79,0.0021,0.0004,100,518.67,641.62,1585.59,1398.51,14.62,21.61,554.19,2388,9057.44,1.3,47.23,522.26,2388.09,8135.02,8.3931,0.03,390,2388,100,39.15,23.2873
2,80,0.0027,0,100,518.67,641.37,1588.33,1394,14.62,21.61,554.94,2387.99,9056.41,1.3,47.2,523.26,2388.03,8138.12,8.3889,0.03,391,2388,100,38.95,23.4198
2,81,0.0006,-0.0001,100,518.67,641.72,1578.31,1390.12,14.62,21.61,555.25,2388.02,9053,1.3,47.25,522.62,2388.07,8135.81,8.4162,0.03,391,2388,100,39.08,23.4685
2,82,0.0035,-0.0001,100,518.67,641.86,1587.24,1402.78,14.62,21.61,554.17,2388.01,9055.28,1.3,47.19,522.3,2388,8135.13,8.3428,0.03,391,2388,100,39.17,23.4491
2,83,0,-0.0004,100,518.67,641.73,1585.18,1398.81,14.62,21.61,554.18,2388.07,9047.88,1.3,47.13,523.13,2388.04,8135.08,8.3997,0.03,390,2388,100,39,23.4056
2,84,-0.0037,-0.0004,100,518.67,642.41,1586.46,1402.26,14.62,21.61,554.86,2388.06,9050.39,1.3,47.29,522.75,2387.92,8138.11,8.394,0.03,392,2388,100,38.95,23.4055
2,85,0.0002,0.0004,100,518.67,641.73,1588.31,1398.33,14.62,21.6,554.5,2387.97,9049.41,1.3,47.19,522.63,2387.96,8137.66,8.3954,0.03,391,2388,100,39.13,23.4072
2,86,0.0004,0,100,518.67,641.85,1579.31,1399.12,14.62,21.61,554.51,2388.02,9050.83,1.3,47.27,522.26,2388.01,8138.02,8.3958,0.03,391,2388,100,38.87,23.4982
2,87,0.0019,-0.0002,100,518.67,642.36,1582.64,1399.51,14.62,21.61,554.77,2387.95,9056.36,1.3,47.26,522.59,2387.96,8140.14,8.3952,0.03,393,2388,100,39.1,23.2916
2,88,0.0007,-0.0002,100,518.67,642.23,1587.88,1398.17,14.62,21.6,554.71,2388.01,9056.67,1.3,47.04,522.62,2388,8139.82,8.3851,0.03,391,2388,100,39.06,23.4173
2,89,0.0017,0.0005,100,518.67,641.95,1584.62,1394.07,14.62,21.61,554.18,2388,9054.7,1.3,47.18,522.42,2388.08,8135.49,8.4143,0.03,393,2388,100,39.18,23.4148
2,90,0.0019,-0.0003,100,518.67,642.06,1580.77,1405.34,14.62,21.61,554.1,2387.98,9053.58,1.3,47.21,522.04,2388,8138.51,8.3922,0.03,390,2388,100,38.9,23.4878
2,91,-0.0007,-0.0002,100,518.67,642.09,1583.57,1399.47,14.62,21.61,553.79,2388.02,9045.94,1.3,47.15,522.48,2388.05,8134.67,8.4026,0.03,391,2388,100,39.1,23.3972
2,92,-0.0006,0.0005,100,518.67,642.36,1584.87,1399.17,14.62,21.6,554.28,2388.02,9050.92,1.3,47.13,522.45,2388,8137.35,8.3919,0.03,392,2388,100,38.81,23.2772
2,93,0.0019,-0.0004,100,518.67,642.21,1591.68,1392.48,14.62,21.61,553.92,2388.05,9049.14,1.3,47.24,522.52,2388,8137.98,8.4005,0.03,391,2388,100,38.94,23.3075
2,94,0,0.0005,100,518.67,642.1,1585.62,1395.39,14.62,21.61,554.53,2388.03,9054.99,1.3,47.38,522.74,2387.99,8141.01,8.4075,0.03,392,2388,100,39.15,23.4165
2,95,-0.0022,0.0002,100,518.67,642.56,1579.26,1402.79,14.62,21.61,553.99,2388.05,9048.27,1.3,47.06,522.37,2388.02,8131.72,8.3773,0.03,392,2388,100,38.98,23.4318
2,96,-0.0026,0.0006,100,518.67,642.42,1576.94,1399.59,14.62,21.61,554.4,2387.97,9059,1.3,47.07,521.66,2388.06,8137.78,8.3698,0.03,392,2388,100,38.92,23.3285
2,97,0.0008,0.0001,100,518.67,642.04,1586.12,1400.5,14.62,21.61,554.42,2388.02,9056.26,1.3,47.19,522.22,2388.06,8135.99,8.4202,0.03,391,2388,100,39.06,23.3578
2,98,-0.0001,0.0003,100,518.67,641.73,1587.84,1401.08,14.62,21.61,554.57,2388.04,9056.94,1.3,47.21,522.92,2387.98,8140.08,8.4115,0.03,391,2388,100,39.08,23.5011
2,99,-0.0034,-0.0004,100,518.67,642.04,1585.48,1400.97,14.62,21.61,554.43,2388.05,9054.46,1.3,47.13,522.5,2388,8138.18,8.4179,0.03,393,2388,100,39.15,23.3414
2,100,0.0076,-0.0001,100,518.67,642.04,1586.01,1402.72,14.62,21.61,554.48,2388,9056.18,1.3,47.21,522.01,2388.05,8135.5,8.4107,0.03,390,2388,100,38.85,23.331
2,101,0.0031,0,100,518.67,641.96,1582.66,1397.81,14.62,21.61,555.07,2387.98,9051.47,1.3,47.37,522.4,2388.01,8140.13,8.3835,0.03,392,2388,100,38.93,23.4257
2,102,0.0016,0.0001,100,518.67,642.44,1590.24,1407.05,14.62,21.6,554.44,2388.03,9052.38,1.3,47.19,522.05,2388.04,8136.45,8.4052,0.03,391,2388,100,38.92,23.3453
2,103,-0.0022,0.0002,100,518.67,642.05,1587.75,1392.16,14.62,21.61,554.44,2388.11,9050.8,1.3,47.23,522.36,2388.02,8144.59,8.4148,0.03,392,2388,100,39.12,23.4403
2,104,-0.0034,0.0002,100,518.67,642.41,1582.04,1397.31,14.62,21.61,554.91,2388,9055.21,1.3,47.26,522.18,2388.07,8142.03,8.4037,0.03,390,2388,100,39.03,23.4053
2,105,-0.005,0.0004,100,518.67,641.94,1585.65,1397.45,14.62,21.61,554.81,2388.02,9058.39,1.3,47.32,522.11,2388.05,8140.65,8.4056,0.03,392,2388,100,39,23.3467
2,106,0.0002,-0.0004,100,518.67,641.87,1584.61,1402.62,14.62,21.61,553.96,2388.06,9061.94,1.3,47.32,522.11,2387.97,8133.6,8.3727,0.03,393,2388,100,39.09,23.4154
2,107,0.0011,-0.0001,100,518.67,642.52,1581.7,1402.93,14.62,21.61,554.21,2387.96,9058.97,1.3,47.16,522.34,2388.05,8136.62,8.3723,0.03,393,2388,100,39.13,23.5191
2,108,0.0014,0.0004,100,518.67,642.24,1578.45,1396.25,14.62,21.61,554.29,2388.03,9056.31,1.3,47.23,522.27,2388.04,8136.72,8.3978,0.03,391,2388,100,38.75,23.4441
2,109,0.0014,0,100,518.67,642.12,1590.41,1392.9,14.62,21.61,553.72,2388.12,9053.21,1.3,47.28,522,2387.99,8145.36,8.4061,0.03,391,2388,100,39.1,23.3497
2,110,-0.0013,-0.0002,100,518.67,642.29,1583.3,1398.47,14.62,21.61,554.5,2388.07,9053.81,1.3,47.31,522.27,2388.02,8140.04,8.3723,0.03,391,2388,100,39.06,23.3997
2,111,0.0039,0,100,518.67,642.24,1576.85,1393.76,14.62,21.61,554.42,2387.99,9062.68,1.3,47.18,522.32,2387.99,8137.95,8.4437,0.03,392,2388,100,39.16,23.4703
2,112,-0.0023,-0.0002,100,518.67,642.49,1588.35,1397.2,14.62,21.61,554.33,2388.01,9063.33,1.3,47.37,522.23,2388,8138.79,8.4025,0.03,392,2388,100,39.06,23.3444
2,113,-0.003,0,100,518.67,641.95,1584.21,1404.74,14.62,21.61,554.07,2388.01,9049.1,1.3,47.23,522.1,2387.99,8141.12,8.3994,0.03,391,2388,100,39.12,23.5029
2,114,-0.0005,-0.0002,100,518.67,642.13,1576.56,1397.05,14.62,21.61,555.1,2388.01,9055.66,1.3,47.19,522.13,2388.02,8138.67,8.4119,0.03,391,2388,100,39.06,23.3784
2,115,-0.0041,-0.0001,100,518.67,642.16,1583.27,1401.33,14.62,21.61,554.37,2388.01,9055.06,1.3,47.14,522.1,2388.03,8138.48,8.395,0.03,390,2388,100,38.89,23.313
2,116,-0.001,0.0004,100,518.67,642.38,1577.87,1398.39,14.62,21.61,554.45,2387.97,9053.87,1.3,47.01,522.48,2388.02,8145.28,8.3895,0.03,391,2388,100,38.96,23.4542
2,117,-0.0031,0,100,518.67,641.97,1583.84,1395.4,14.62,21.61,554.6,2388.02,9056.45,1.3,47.23,522.39,2388.03,8139.95,8.4365,0.03,392,2388,100,39.05,23.432
2,118,-0.0013,0.0004,100,518.67,641.95,1580.49,1400.99,14.62,21.61,553.96,2388.01,9055.61,1.3,47.11,522.23,2388.05,8141.01,8.3735,0.03,392,2388,100,39.04,23.2912
2,119,0,-0.0002,100,518.67,642.67,1585.06,1401.87,14.62,21.61,554.32,2388,9054.52,1.3,47.24,522.21,2388,8141.97,8.4236,0.03,392,2388,100,38.74,23.3731
2,120,-0.0001,0.0004,100,518.67,642.01,1589.61,1394.39,14.62,21.61,554.42,2388.05,9056.54,1.3,47.22,521.62,2388.01,8136.11,8.3666,0.03,391,2388,100,39.18,23.4077
2,121,0.0027,0.0003,100,518.67,642.04,1580.19,1391.52,14.62,21.61,554.51,2387.96,9053.67,1.3,47.28,522.31,2387.97,8140.79,8.4134,0.03,392,2388,100,39.09,23.3381
2,122,0.0011,0.0003,100,518.67,642.08,1585.52,1405.27,14.62,21.61,553.82,2388.01,9051.03,1.3,47.23,521.96,2387.97,8136.04,8.3783,0.03,392,2388,100,38.88,23.3284
2,123,-0.001,-0.0004,100,518.67,642.11,1588.59,1403.23,14.62,21.61,554.31,2388.04,9056.3,1.3,47.21,522.14,2388.03,8134.83,8.3887,0.03,391,2388,100,38.86,23.4492
2,124,-0.0002,0.0004,100,518.67,642.37,1583.12,1399.26,14.62,21.61,554.58,2388.04,9053.57,1.3,47.06,522.64,2387.99,8135.96,8.4049,0.03,392,2388,100,39.03,23.3364
2,125,-0.0015,0.0001,100,518.67,642.71,1586.32,1397.94,14.62,21.61,554.81,2388.01,9060.56,1.3,47.31,522.23,2387.98,8142.91,8.4012,0.03,391,2388,100,39.09,23.3785
2,126,0.0006,0.0005,100,518.67,642.07,1587.45,1403.41,14.62,21.61,554.03,2387.96,9057.08,1.3,47.28,521.95,2387.99,8136.69,8.4243,0.03,392,2388,100,38.91,23.3592
2,127,-0.0002,-0.0004,100,518.67,642.26,1586.65,1400.81,14.62,21.61,554.08,2387.99,9056.25,1.3,47.21,522.2,2388.08,8134.49,8.4476,0.03,391,2388,100,39.08,23.34
2,128,-0.0008,0,100,518.67,641.54,1592.2,1397.34,14.62,21.6,554.16,2388.01,9054.43,1.3,47.2,522.36,2388.05,8142.32,8.4098,0.03,392,2388,100,39.05,23.3966
2,129,0.0007,0.0004,100,518.67,641.66,1590.59,1400.25,14.62,21.6,554.6,2388.07,9052.79,1.3,47.23,522.19,2387.99,8139.65,8.3986,0.03,392,2388,100,38.96,23.4331
2,130,0.0035,-0.0003,100,518.67,642.06,1584.83,1409.98,14.62,21.61,554.42,2387.99,9060.71,1.3,47.26,522.4,2388.05,8137.8,8.4145,0.03,391,2388,100,38.92,23.3645
2,131,-0.0001,0.0001,100,518.67,641.96,1587.61,1394.26,14.62,21.61,554.88,2388.01,9055.73,1.3,47.36,522.37,2387.98,8141.5,8.4074,0.03,392,2388,100,39.02,23.4016
2,132,0.0002,0.0006,100,518.67,642.01,1586.66,1398.78,14.62,21.61,554.4,2388.13,9059.84,1.3,47.12,522.25,2388.03,8140.33,8.4102,0.03,390,2388,100,38.91,23.313
2,133,-0.0016,-0.0004,100,518.67,642.84,1581.22,1393.87,14.62,21.61,554.21,2388.04,9060.79,1.3,47.18,521.71,2388.05,8140.53,8.4054,0.03,392,2388,100,38.89,23.2668
2,134,0.0026,0.0001,100,518.67,642.76,1586.44,1406.2,14.62,21.6,553.88,2388.02,9061.2,1.3,47.17,521.95,2388.02,8142.84,8.381,0.03,390,2388,100,38.95,23.3367
2,135,0.0009,-0.0002,100,518.67,642.02,1580.12,1404.56,14.62,21.61,554.52,2388.01,9051.53,1.3,47.34,522.13,2388.03,8129.68,8.4108,0.03,392,2388,100,38.91,23.3992
2,136,0.001,-0.0003,100,518.67,642.06,1582.91,1402.67,14.62,21.61,554.5,2388.05,9056.59,1.3,47.09,521.86,2387.99,8142.13,8.3889,0.03,389,2388,100,39,23.4236
2,137,0.0044,-0.0004,100,518.67,642.46,1585.36,1406.79,14.62,21.61,554.42,2388.01,9057.59,1.3,47.39,522.21,2388,8135.55,8.369,0.03,391,2388,100,38.98,23.3517
2,138,0.0012,0.0004,100,518.67,642.34,1585.19,1398.95,14.62,21.61,555.03,2387.99,9063.57,1.3,47.16,521.73,2388.04,8137.5,8.4125,0.03,392,2388,100,38.82,23.4346
2,139,-0.0003,0.0005,100,518.67,642.63,1590.88,1400.87,14.62,21.61,554.24,2388.06,9057.55,1.3,47.3,522.61,2388.03,8139.9,8.3919,0.03,391,2388,100,38.94,23.4316
2,140,0.0014,-0.0001,100,518.67,642.29,1593.7,1403.14,14.62,21.61,554.86,2388.09,9051.91,1.3,47.32,522.49,2387.95,8139.78,8.4243,0.03,392,2388,100,39.01,23.474
2,141,0.0019,0.0003,100,518.67,642.07,1585.09,1403.25,14.62,21.61,554.7,2388.05,9057.75,1.3,47.43,522.5,2388.05,8137.35,8.4254,0.03,393,2388,100,39.02,23.4038
2,142,-0.0007,0.0004,100,518.67,641.91,1586.41,1401.27,14.62,21.61,554.18,2388.08,9060.33,1.3,47.3,522.18,2388.04,8134.04,8.3936,0.03,391,2388,100,39,23.4716
2,143,0.0001,0.0004,100,518.67,642.31,1588.88,1400.49,14.62,21.61,554.05,2388.03,9057.74,1.3,47.3,521.73,2388.05,8138.17,8.423,0.03,393,2388,100,38.82,23.4197
2,144,-0.0005,0.0002,100,518.67,642.02,1584.35,1401.21,14.62,21.61,553.96,2388.03,9060.12,1.3,47.32,522.11,2388.01,8141.03,8.3836,0.03,392,2388,100,39.19,23.3494
2,145,-0.0021,0.0001,100,518.67,642.01,1582.72,1403.53,14.62,21.61,554.1,2387.97,9059.1,1.3,47.33,521.93,2388.08,8146.37,8.3967,0.03,393,2388,100,38.83,23.5167
2,146,0.0043,-0.0001,100,518.67,642.52,1590.06,1405.09,14.62,21.61,554.25,2388.05,9051,1.3,47.3,522,2388.04,8140.25,8.4074,0.03,391,2388,100,38.97,23.4017
2,147,0.0004,-0.0001,100,518.67,642.27,1588.78,1394.58,14.62,21.61,554.16,2388.05,9055.27,1.3,47.48,521.91,2388.06,8134.58,8.3896,0.03,393,2388,100,38.89,23.3356
2,148,0.0018,0.0004,100,518.67,642.65,1584.5,1398.3,14.62,21.61,554.32,2388.02,9055.59,1.3,47.31,522.57,2388.06,8140.37,8.4128,0.03,393,2388,100,39.13,23.3971
2,149,-0.002,-0.0003,100,518.67,642.03,1587.88,1404.41,14.62,21.61,553.84,2388.04,9057.81,1.3,47.31,521.87,2388,8138.62,8.387,0.03,391,2388,100,38.89,23.4024
2,150,-0.0021,0.0004,100,518.67,642.62,1585.43,1393.74,14.62,21.61,554.13,2388.01,9056.95,1.3,47.15,522.22,2388.02,8138.55,8.4175,0.03,391,2388,100,39.03,23.2996
2,151,0.0051,-0.0004,100,518.67,642.54,1590.21,1398.31,14.62,21.61,553.66,2387.98,9055.31,1.3,47.33,522.28,2388.04,8143.3,8.4173,0.03,390,2388,100,38.92,23.3831
2,152,-0.0004,0.0003,100,518.67,642.38,1583.49,1400.9,14.62,21.61,553.86,2388.06,9052.6,1.3,47.25,522.06,2388.07,8136.96,8.4123,0.03,391,2388,100,38.86,23.3666
2,153,0.0043,0.0002,100,518.67,641.96,1594.33,1397.52,14.62,21.61,553.78,2388.09,9058.68,1.3,47.29,521.82,2388.07,8134.54,8.4262,0.03,392,2388,100,38.71,23.3222
2,154,0.0012,0.0001,100,518.67,642.34,1591.3,1413.28,14.62,21.6,554.45,2388.01,9055.03,1.3,47.23,522.21,2388.02,8137.22,8.4161,0.03,391,2388,100,38.89,23.4216
2,155,-0.0022,-0.0003,100,518.67,642.17,1580.93,1397.45,14.62,21.61,553.84,2388.06,9054.82,1.3,47.23,521.91,2388.07,8146.25,8.4029,0.03,392,2388,100,38.99,23.3634
2,156,-0.0045,0.0004,100,518.67,642.15,1578.73,1399.13,14.62,21.61,554.7,2388.04,9057.22,1.3,47.31,522.14,2388.07,8139.57,8.4075,0.03,391,2388,100,39.07,23.3474
2,157,-0.0014,-0.0004,100,518.67,642.04,1588.7,1400.63,14.62,21.61,553.71,2388.07,9065.16,1.3,47.45,522.25,2388.06,8143.04,8.4137,0.03,394,2388,100,38.97,23.2225
2,158,0.0014,0.0001,100,518.67,641.99,1586.95,1404.68,14.62,21.61,554.67,2388.02,9057.68,1.3,47.45,522.32,2388.03,8140.57,8.4324,0.03,392,2388,100,39.03,23.422
2,159,-0.0018,-0.0003,100,518.67,641.81,1593.89,1399.71,14.62,21.61,553.7,2388.04,9058.8,1.3,47.26,522.2,2388,8138.61,8.4138,0.03,393,2388,100,38.89,23.3979
2,160,0.0033,-0.0003,100,518.67,642.53,1585.65,1409.72,14.62,21.61,554.65,2388.07,9059.7,1.3,47.46,521.96,2388.05,8144.03,8.4012,0.03,393,2388,100,38.92,23.4119
2,161,-0.0031,0.0003,100,518.67,642.08,1586.65,1396.32,14.62,21.61,554.18,2388.05,9057.22,1.3,47.19,521.96,2388.04,8140.21,8.4601,0.03,393,2388,100,38.83,23.4036
2,162,0.0028,0.0003,100,518.67,641.71,1588.83,1401.23,14.62,21.61,553.95,2388.06,9062.65,1.3,47.42,522.09,2388.01,8134.78,8.3739,0.03,392,2388,100,39.05,23.4045
2,163,0.0007,0.0004,100,518.67,642.88,1589.56,1396.2,14.62,21.61,553.96,2388.08,9059.47,1.3,47.29,521.55,2388.05,8142.54,8.3904,0.03,392,2388,100,38.94,23.4442
2,164,0.0043,0.0003,100,518.67,642.82,1588.23,1405.5,14.62,21.61,554.31,2387.99,9055.65,1.3,47.32,521.74,2388.04,8138.6,8.4304,0.03,391,2388,100,38.97,23.4381
2,165,-0.0043,0.0004,100,518.67,642.17,1588.55,1402.96,14.62,21.61,553.71,2388.03,9060.97,1.3,47.39,522.28,2387.97,8134.48,8.4068,0.03,392,2388,100,38.93,23.4707
2,166,-0.0068,0.0002,100,518.67,641.79,1589.09,1394.26,14.62,21.61,553.71,2388.03,9060.46,1.3,47.43,521.96,2388.01,8142.11,8.4111,0.03,392,2388,100,38.87,23.4352
2,167,0.0005,-0.0001,100,518.67,642.25,1588.74,1395.35,14.62,21.61,553.62,2388.01,9056.24,1.3,47.39,522.11,2388.03,8148.57,8.4261,0.03,393,2388,100,38.84,23.3977
2,168,-0.0026,-0.0003,100,518.67,642.55,1593.95,1404.01,14.62,21.61,554.32,2388.04,9055.88,1.3,47.3,521.89,2388.04,8135.51,8.4329,0.03,391,2388,100,38.84,23.3787
2,169,-0.0004,0.0003,100,518.67,642.26,1581.85,1406.06,14.62,21.61,553.06,2388.06,9059.37,1.3,47.33,521.77,2388.09,8141.96,8.4214,0.03,391,2388,100,38.93,23.3766
2,170,0.0025,0.0004,100,518.67,642.14,1577.26,1405.93,14.62,21.61,553.84,2388.03,9065.67,1.3,47.35,522.36,2388.07,8140.59,8.4079,0.03,394,2388,100,38.88,23.3532
2,171,0.0012,0.0005,100,518.67,642.21,1587.94,1410.34,14.62,21.61,553.84,2388.03,9060.51,1.3,47.34,521.89,2388.02,8143.29,8.4027,0.03,392,2388,100,38.91,23.287
2,172,-0.0041,0.0004,100,518.67,642.07,1589.42,1398.26,14.62,21.61,553.69,2388.06,9055.7,1.3,47.25,521.42,2388.09,8134.03,8.4109,0.03,392,2388,100,39.09,23.3496
2,173,0.0003,-0.0002,100,518.67,642.66,1589,1403.22,14.62,21.61,554.64,2388.04,9058.55,1.3,47.27,521.4,2388.05,8140.73,8.4288,0.03,392,2388,100,38.92,23.3576
2,174,-0.0009,-0.0003,100,518.67,642.34,1588.01,1403.24,14.62,21.61,553.76,2388.08,9066.4,1.3,47.31,521.85,2388.04,8144.79,8.3994,0.03,394,2388,100,39.02,23.3513
2,175,-0.0005,0.0005,100,518.67,642.46,1584.58,1398.37,14.62,21.61,554.01,2388.02,9067.91,1.3,47.45,522.2,2388.08,8140.85,8.417,0.03,393,2388,100,38.88,23.3065
2,176,-0.001,-0.0004,100,518.67,642.32,1585.73,1405.47,14.62,21.61,554.15,2388.04,9058.59,1.3,47.22,521.54,2388.07,8147.04,8.4189,0.03,392,2388,100,39.08,23.4372
2,177,0.0004,-0.0001,100,518.67,642.35,1586.88,1400.31,14.62,21.61,554.59,2388.06,9057.99,1.3,47.42,521.95,2388.04,8139,8.4153,0.03,393,2388,100,38.74,23.3538
2,178,0.0031,0.0003,100,518.67,642.43,1590.29,1404.39,14.62,21.61,553.83,2388.04,9056.85,1.3,47.56,521.97,2388.07,8146.93,8.3914,0.03,391,2388,100,38.85,23.353
2,179,-0.0024,-0.0001,100,518.67,642.33,1584.55,1399.3,14.62,21.61,553.86,2388.03,9060.98,1.3,47.37,522.48,2388.03,8140.62,8.4462,0.03,394,2388,100,38.91,23.3329
2,180,-0.0011,0,100,518.67,642.5,1593.51,1402.27,14.62,21.61,554.21,2388.11,9058.3,1.3,47.52,521.76,2388.05,8139.98,8.4404,0.03,392,2388,100,39.04,23.3712
2,181,0.0003,-0.0002,100,518.67,642.01,1585.87,1399.24,14.62,21.61,554.29,2388.03,9057.86,1.3,47.27,522.19,2388.01,8134.52,8.4148,0.03,393,2388,100,38.92,23.3777
2,182,0,-0.0002,100,518.67,642.39,1586.42,1406.61,14.62,21.61,553.63,2388.03,9069.4,1.3,47.52,522.39,2388.09,8143.47,8.4072,0.03,392,2388,100,39.04,23.2931
2,183,-0.0015,-0.0002,100,518.67,642.6,1584.95,1406.15,14.62,21.61,554.35,2388.08,9064.12,1.3,47.24,521.84,2388.06,8142.25,8.4225,0.03,392,2388,100,38.85,23.3851
2,184,0.0037,0,100,518.67,642.43,1585.66,1408.13,14.62,21.61,554.99,2388.04,9067.28,1.3,47.47,521.86,2388.06,8142.27,8.3996,0.03,394,2388,100,38.85,23.4003
2,185,-0.002,0.0004,100,518.67,642.66,1581.09,1407.11,14.62,21.61,554.53,2388.02,9059.27,1.3,47.23,522.22,2388.05,8143.76,8.42,0.03,392,2388,100,38.94,23.2801
2,186,-0.0004,0.0002,100,518.67,642.8,1582.46,1404.35,14.62,21.61,554.42,2388.05,9063.38,1.3,47.47,521.82,2388.16,8145.64,8.4131,0.03,393,2388,100,38.75,23.3416
2,187,0.0019,0.0002,100,518.67,642.69,1588.88,1407.54,14.62,21.61,553.32,2388.08,9060.97,1.3,47.51,521.09,2388.05,8136.8,8.4101,0.03,392,2388,100,38.93,23.3926
2,188,0.0024,0.0002,100,518.67,642.64,1582.97,1402.72,14.62,21.61,554.26,2388.07,9062.7,1.3,47.37,522.34,2388.04,8139.36,8.4124,0.03,392,2388,100,38.82,23.306
2,189,0.0003,0.0002,100,518.67,642.81,1583.54,1403.09,14.62,21.61,554.03,2388.03,9069.79,1.3,47.42,521.7,2388.04,8141.68,8.4253,0.03,393,2388,100,39.02,23.2923
2,190,0.0013,0.0004,100,518.67,642.48,1592.5,1405.73,14.62,21.61,554.4,2388.06,9059.23,1.3,47.2,521.73,2388.03,8139.4,8.4128,0.03,393,2388,100,39.04,23.2623
2,191,-0.0009,0.0004,100,518.67,642.23,1584.59,1407.64,14.62,21.61,553.42,2388.04,9064.99,1.3,47.4,521.92,2388.05,8142.41,8.4694,0.03,393,2388,100,38.93,23.3507
2,192,0.0003,0.0002,100,518.67,642.18,1589.95,1404.07,14.62,21.6,553.09,2388.03,9071.88,1.3,47.49,521.7,2388.09,8141.81,8.4309,0.03,392,2388,100,38.87,23.3049
2,193,-0.0021,-0.0003,100,518.67,642.13,1588.28,1399.59,14.62,21.61,553.54,2388.09,9063.55,1.3,47.3,521.16,2388.08,8144.36,8.4143,0.03,393,2388,100,38.73,23.2606
2,194,-0.0003,-0.0003,100,518.67,643.1,1592.38,1404.64,14.62,21.61,553.86,2388.05,9065.99,1.3,47.69,522.17,2388.1,8142.38,8.4304,0.03,393,2388,100,38.9,23.3282
2,195,-0.0026,0.0004,100,518.67,643.24,1591.55,1410.18,14.62,21.61,553.22,2388.01,9060.17,1.3,47.32,521.92,2388.07,8147.43,8.4224,0.03,393,2388,100,39.09,23.3326
2,196,0.0003,0.0004,100,518.67,642.64,1591.39,1408.59,14.62,21.61,554.31,2388.15,9054.2,1.3,47.43,522.02,2388.06,8139.28,8.4614,0.03,393,2388,100,39.04,23.3682
2,197,0.0018,0.0005,100,518.67,642.55,1588.64,1403.29,14.62,21.61,554.07,2388.07,9061.28,1.3,47.36,521.47,2388.06,8148.8,8.4387,0.03,390,2388,100,38.79,23.3426
2,198,-0.0051,0.0003,100,518.67,643.21,1596.17,1402.91,14.62,21.61,553.94,2388.05,9059.21,1.3,47.14,521.5,2388.05,8146.21,8.441,0.03,392,2388,100,38.9,23.2813
2,199,0.0026,0.0001,100,518.67,642.44,1587.17,1409.39,14.62,21.61,554.06,2388.09,9061.54,1.3,47.49,521.22,2388.08,8144.69,8.429,0.03,394,2388,100,39.08,23.2433
2,200,-0.0017,0,100,518.67,642.74,1589.73,1406.28,14.62,21.61,553.13,2388.08,9065.78,1.3,47.44,521.69,2388.07,8144.69,8.4143,0.03,394,2388,100,38.95,23.4101
2,201,0.0021,0.0002,100,518.67,642.31,1595.57,1400.92,14.62,21.61,554.25,2388.04,9062.65,1.3,47.44,521.88,2388.1,8144.5,8.4458,0.03,392,2388,100,38.93,23.3551
2,202,-0.0001,0.0003,100,518.67,642.56,1589.47,1408.72,14.62,21.61,554.14,2388.14,9070.71,1.3,47.45,522.01,2388.03,8148.95,8.4287,0.03,392,2388,100,38.68,23.1814
2,203,0.0048,0.0001,100,518.67,641.95,1593.02,1410.33,14.62,21.61,553.2,2388.05,9070.42,1.3,47.58,521.41,2388.12,8137.27,8.4197,0.03,393,2388,100,38.7,23.1596
2,204,0.0012,0.0003,100,518.67,642.46,1591.84,1404.01,14.62,21.61,553.94,2388.02,9064.87,1.3,47.43,521.33,2388.06,8145.46,8.4779,0.03,393,2388,100,38.93,23.3788
2,205,-0.0021,0.0003,100,518.67,642.65,1586.59,1409.11,14.62,21.61,552.83,2388.07,9065.07,1.3,47.42,521.48,2388.09,8144.24,8.4298,0.03,393,2388,100,39.01,23.3266
2,206,-0.0004,-0.0003,100,518.67,642.51,1588.18,1411.14,14.62,21.61,553.86,2388.03,9059.13,1.3,47.24,521.37,2388.08,8145.04,8.4086,0.03,391,2388,100,38.8,23.3974
2,207,-0.0003,-0.0004,100,518.67,642.73,1591.04,1402.94,14.62,21.61,553.06,2388.05,9067.79,1.3,47.39,521.55,2388.04,8146.73,8.4175,0.03,392,2388,100,38.87,23.308
2,208,0.0004,0.0004,100,518.67,642.6,1590.29,1407.93,14.62,21.61,553.09,2388.05,9061.96,1.3,47.51,521.64,2388.11,8140.99,8.458,0.03,394,2388,100,38.75,23.2931
2,209,0.004,0.0002,100,518.67,642.27,1590.92,1409.2,14.62,21.61,553.66,2388.09,9065.23,1.3,47.43,520.72,2388.11,8147.1,8.4281,0.03,391,2388,100,38.97,23.3362
2,210,-0.005,0.0001,100,518.67,642.88,1583.56,1396.99,14.62,21.61,553.5,2388.1,9064.68,1.3,47.51,521.77,2388.08,8141.12,8.4317,0.03,393,2388,100,38.92,23.2484
2,211,-0.0017,-0.0002,100,518.67,642.8,1584.65,1409.23,14.62,21.61,552.47,2388.08,9066.43,1.3,47.48,521.67,2388.08,8143.14,8.452,0.03,392,2388,100,38.86,23.2252
2,212,0.0005,-0.0004,100,518.67,642.54,1586.71,1406.43,14.62,21.61,553.32,2388.13,9068.2,1.3,47.51,521.74,2388.16,8148.07,8.461,0.03,391,2388,100,39.03,23.2138
2,213,-0.0039,0,100,518.67,642.39,1594.64,1407.38,14.62,21.61,554.04,2388.09,9066.07,1.3,47.56,521.65,2388.05,8144,8.4354,0.03,392,2388,100,38.73,23.3246
2,214,0.0017,-0.0002,100,518.67,642.39,1588.17,1402.21,14.62,21.61,553.86,2388.09,9062.68,1.3,47.49,521.81,2388.13,8148.16,8.4428,0.03,390,2388,100,38.82,23.2857
2,215,-0.0004,0.0005,100,518.67,642.97,1591.44,1411.63,14.62,21.61,553.75,2388.09,9071.14,1.3,47.57,521.02,2388.09,8141.9,8.4192,0.03,395,2388,100,38.72,23.117
2,216,-0.0021,0.0005,100,518.67,642.46,1583.46,1408.68,14.62,21.61,553.01,2388.08,9063.95,1.3,47.53,522.19,2388.06,8144.7,8.452,0.03,393,2388,100,38.97,23.3221
2,217,0.0023,0.0005,100,518.67,643.3,1585.11,1407.97,14.62,21.61,553.22,2388.1,9061.1,1.3,47.51,521.29,2388.08,8148.52,8.4982,0.03,392,2388,100,38.94,23.2658
2,218,0.0033,-0.0002,100,518.67,642.91,1592.69,1412.7,14.62,21.61,553.09,2388.12,9070.12,1.3,47.56,521.7,2388.02,8146.85,8.4763,0.03,394,2388,100,38.87,23.2734
2,219,0.0029,0.0001,100,518.67,642.88,1592.52,1412.91,14.62,21.61,553.28,2388.02,9074.41,1.3,47.71,521.74,2388.12,8147.72,8.46,0.03,393,2388,100,38.78,23.371
2,220,-0.0036,-0.0002,100,518.67,642.87,1600.76,1406.68,14.62,21.61,552.92,2388.09,9068.44,1.3,47.54,520.77,2388.11,8148.15,8.4123,0.03,392,2388,100,38.86,23.3541
2,221,0.0032,-0.0001,100,518.67,643.09,1586.57,1408.21,14.62,21.61,553.77,2388.12,9072.45,1.3,47.47,521.46,2388.11,8145.66,8.4446,0.03,394,2388,100,38.99,23.3309
2,222,0.001,0.0001,100,518.67,643.16,1590.78,1411.66,14.62,21.61,553.56,2388.1,9068.24,1.3,47.52,521.46,2388.1,8144.87,8.4414,0.03,393,2388,100,38.75,23.3147
2,223,-0.0002,0.0003,100,518.67,643.06,1596.47,1406.28,14.62,21.61,553.91,2388.06,9068.95,1.3,47.62,520.84,2388.12,8152.25,8.4348,0.03,393,2388,100,38.84,23.2077
2,224,-0.001,0.0001,100,518.67,642.86,1592.47,1414.63,14.62,21.61,553.17,2388.13,9070.23,1.3,47.74,521.16,2388.12,8148.63,8.4495,0.03,394,2388,100,38.79,23.2336
2,225,0.0014,0,100,518.67,642.68,1590.59,1409.87,14.62,21.61,553.96,2388.12,9069.7,1.3,47.67,521.33,2388.15,8150.97,8.4357,0.03,393,2388,100,38.75,23.209
2,226,-0.0018,0.0002,100,518.67,643.23,1601.02,1408.9,14.62,21.61,553.45,2388.05,9063.54,1.3,47.46,521.59,2388.11,8143.41,8.4744,0.03,394,2388,100,38.83,23.3575
2,227,0.0014,0.0004,100,518.67,642.8,1587.46,1410.4,14.62,21.61,553.73,2388.11,9070.71,1.3,47.66,521.28,2388.09,8148.82,8.4472,0.03,393,2388,100,38.8,23.2895
2,228,-0.0017,0.0001,100,518.67,642.67,1592.83,1406.88,14.62,21.61,553.35,2388.11,9069.67,1.3,47.46,521.18,2388.1,8152.87,8.4493,0.03,394,2388,100,38.72,23.2553
2,229,0.0008,-0.0001,100,518.67,642.32,1593.83,1407.69,14.62,21.61,553,2388.13,9071.15,1.3,47.65,521.66,2388.11,8144.84,8.4447,0.03,393,2388,100,38.82,23.1824
2,230,-0.0002,0.0004,100,518.67,642.68,1593.67,1412.71,14.62,21.61,553.43,2388.09,9077.18,1.3,47.69,520.94,2388.09,8148.9,8.4482,0.03,394,2388,100,38.71,23.2213
2,231,-0.0004,-0.0001,100,518.67,642.99,1593.78,1404.68,14.62,21.61,552.61,2388.13,9071.48,1.3,47.64,521.73,2388.11,8144.02,8.462,0.03,394,2388,100,38.81,23.2847
2,232,0.0027,0.0004,100,518.67,642.98,1590.33,1411.66,14.62,21.61,553.53,2388.11,9070.67,1.3,47.56,520.9,2388.07,8151.93,8.4395,0.03,394,2388,100,38.7,23.2459
2,233,-0.0023,-0.0004,100,518.67,642.96,1599.65,1413.34,14.62,21.61,553.49,2388.07,9070.71,1.3,47.66,521.63,2388.11,8146.92,8.448,0.03,392,2388,100,38.63,23.3894
2,234,-0.0022,-0.0002,100,518.67,643.49,1588.68,1412.07,14.62,21.61,553.31,2388.12,9070.14,1.3,47.58,521.42,2388.1,8150.84,8.4341,0.03,394,2388,100,38.87,23.2635
2,235,0.0019,0.0002,100,518.67,642.63,1594.54,1406.42,14.62,21.61,552.42,2388.12,9073.86,1.3,47.85,521.66,2388.12,8149.47,8.4699,0.03,394,2388,100,38.82,23.2137
2,236,-0.0044,0.0003,100,518.67,643.01,1598.16,1410.66,14.62,21.61,553.52,2388.15,9068.9,1.3,47.63,521.17,2388.11,8147.85,8.4679,0.03,394,2388,100,38.63,23.275
2,237,0.0027,0.0004,100,518.67,643.14,1593.05,1419.76,14.62,21.61,552.78,2388.11,9069.61,1.3,47.65,520.7,2388.12,8152.81,8.4742,0.03,394,2388,100,38.57,23.2618
2,238,-0.0018,0,100,518.67,643.13,1599.64,1413.73,14.62,21.61,552.98,2388.11,9072.97,1.3,47.52,521.34,2388.12,8152.62,8.4681,0.03,394,2388,100,38.67,23.1829
2,239,0.0026,-0.0003,100,518.67,642.73,1598.37,1417.49,14.62,21.61,553.05,2388.13,9072.08,1.3,47.83,520.66,2388.12,8143.53,8.4318,0.03,394,2388,100,38.68,23.2728
2,240,-0.0017,-0.0002,100,518.67,642.61,1599.71,1406.54,14.62,21.61,553.18,2388.11,9077.79,1.3,47.66,521.18,2388.11,8152.44,8.482,0.03,393,2388,100,38.76,23.314
2,241,-0.0026,0.0001,100,518.67,643.14,1598.65,1418.33,14.62,21.61,552.36,2388.16,9075.94,1.3,47.7,521.1,2388.13,8151.05,8.4423,0.03,396,2388,100,38.8,23.1703
2,242,-0.0008,0.0004,100,518.67,643.77,1593.7,1408.71,14.62,21.61,553.07,2388.13,9078.67,1.3,47.54,521.6,2388.08,8155.17,8.4377,0.03,393,2388,100,38.78,23.2157
2,243,0.0042,-0.0002,100,518.67,643.04,1593.98,1411.41,14.62,21.61,552.71,2388.09,9078.11,1.3,47.55,521.05,2388.06,8152.43,8.4661,0.03,395,2388,100,38.57,23.2729
2,244,-0.0013,0.0005,100,518.67,642.88,1595.99,1413.04,14.62,21.61,552.68,2388.13,9072.86,1.3,47.71,520.6,2388.14,8156.27,8.4785,0.03,393,2388,100,38.57,23.3427
2,245,-0.0016,0.0005,100,518.67,642.7,1590.93,1418.05,14.62,21.61,552.75,2388.15,9081.05,1.3,47.75,521.03,2388.12,8152.57,8.4748,0.03,395,2388,100,38.73,23.2067
2,246,0.0001,0.0003,100,518.67,642.85,1589.74,1420.2,14.62,21.61,552.57,2388.12,9075.07,1.3,47.72,521.27,2388.11,8149.52,8.4702,0.03,396,2388,100,38.66,23.27
2,247,-0.0013,-0.0002,100,518.67,642.88,1601.2,1413.56,14.62,21.61,552.46,2388.1,9074.98,1.3,47.7,520.61,2388.14,8149.5,8.4745,0.03,394,2388,100,38.58,23.2229
2,248,0.0048,0.0001,100,518.67,643.06,1599.41,1417.22,14.62,21.61,552.52,2388.08,9088.08,1.3,47.75,520.49,2388.12,8156.5,8.5015,0.03,392,2388,100,38.8,23.19
2,249,0.0013,-0.0004,100,518.67,643.79,1599.77,1419.19,14.62,21.61,551.56,2388.17,9076.61,1.3,47.66,520.7,2388.13,8153.91,8.4615,0.03,395,2388,100,38.88,23.2251
2,250,-0.0029,0.0004,100,518.67,643.15,1598.28,1415.35,14.62,21.61,553,2388.16,9076.4,1.3,47.79,520.37,2388.07,8153.25,8.4495,0.03,394,2388,100,38.71,23.1868
2,251,-0.0017,-0.0003,100,518.67,642.47,1598.68,1418.61,14.62,21.61,552.01,2388.16,9077.39,1.3,47.92,520.99,2388.1,8149.06,8.467,0.03,394,2388,100,38.54,23.2506
2,252,-0.004,0.0004,100,518.67,642.83,1596.89,1422.69,14.62,21.61,552.51,2388.11,9077.59,1.3,47.7,519.98,2388.14,8155.19,8.4779,0.03,394,2388,100,38.5,23.2033
2,253,0.0009,-0.0002,100,518.67,643.01,1596.43,1416.12,14.62,21.61,553.07,2388.14,9084.1,1.3,47.69,520.7,2388.12,8159.27,8.4662,0.03,394,2388,100,38.72,23.17
2,254,-0.0009,0.0005,100,518.67,643.31,1593.88,1423.55,14.62,21.61,551.99,2388.15,9084.75,1.3,47.95,520.83,2388.15,8157.22,8.4604,0.03,393,2388,100,38.78,23.1766
2,255,0.0012,0.0006,100,518.67,643.48,1598.25,1412.73,14.62,21.61,553.26,2388.15,9082.41,1.3,47.67,520.85,2388.12,8156.91,8.4829,0.03,395,2388,100,38.67,23.2282
2,256,-0.0044,0.0004,100,518.67,642.92,1598.83,1421.46,14.62,21.61,552.68,2388.12,9083.63,1.3,47.77,520.67,2388.12,8153.87,8.5297,0.03,395,2388,100,38.62,23.2518
2,257,0,-0.0002,100,518.67,643.06,1593.17,1426.94,14.62,21.61,552.19,2388.14,9086.82,1.3,48.02,520.95,2388.14,8158.12,8.4847,0.03,395,2388,100,38.64,23.2133
2,258,0.0007,0,100,518.67,642.93,1599.77,1421.07,14.62,21.61,552.71,2388.11,9082.16,1.3,47.66,520.79,2388.18,8156.39,8.4796,0.03,394,2388,100,38.49,23.1194
2,259,0.0006,-0.0003,100,518.67,642.78,1597.65,1416.63,14.62,21.61,552.58,2388.12,9088.69,1.3,47.91,520.52,2388.13,8153.52,8.5312,0.03,395,2388,100,38.48,23.1053
2,260,0.0027,0.0001,100,518.67,642.94,1593.51,1419.41,14.62,21.61,552.02,2388.17,9078.61,1.3,47.94,520.54,2388.04,8158.73,8.4766,0.03,392,2388,100,38.44,23.153
2,261,-0.0009,0.0003,100,518.67,643.69,1594,1419.92,14.62,21.61,552.31,2388.09,9086.97,1.3,48.03,519.98,2388.13,8157.24,8.4775,0.03,393,2388,100,38.58,23.1426
2,262,0.0068,-0.0002,100,518.67,643.05,1588.3,1418.2,14.62,21.61,553.01,2388.14,9079.59,1.3,47.82,520.68,2388.12,8157.1,8.467,0.03,395,2388,100,38.4,23.1573
2,263,-0.0023,0.0001,100,518.67,643.16,1592.32,1422.82,14.62,21.61,552.81,2388.2,9079.99,1.3,47.91,521.04,2388.14,8159.57,8.5205,0.03,395,2388,100,38.81,23.1446
2,264,-0.0017,0.0005,100,518.67,643.47,1610.1,1424.48,14.62,21.61,552.17,2388.18,9086.82,1.3,48.07,520.47,2388.15,8154.78,8.522,0.03,395,2388,100,38.67,23.2342
2,265,-0.0035,0.0004,100,518.67,643.03,1593.48,1420.27,14.62,21.61,552.45,2388.18,9085.7,1.3,47.66,520.27,2388.12,8160.3,8.5185,0.03,395,2388,100,38.66,23.0402
2,266,0.002,-0.0001,100,518.67,643.14,1591.54,1422.54,14.62,21.61,551.84,2388.1,9083.55,1.3,47.84,520.52,2388.16,8158.06,8.461,0.03,397,2388,100,38.51,23.1815
2,267,0,0.0003,100,518.67,642.96,1602.23,1422.12,14.62,21.61,552.61,2388.11,9091.67,1.3,47.8,520.2,2388.15,8161.44,8.4596,0.03,395,2388,100,38.49,23.1591
2,268,0.0006,0,100,518.67,643.1,1602.53,1419.61,14.62,21.61,552.1,2388.16,9085.07,1.3,47.96,520.93,2388.15,8161.33,8.5129,0.03,395,2388,100,38.55,23.1937
2,269,-0.0002,-0.0002,100,518.67,643.11,1594.52,1419.23,14.62,21.61,551.28,2388.2,9086.7,1.3,48.09,519.74,2388.14,8159.05,8.5043,0.03,395,2388,100,38.71,22.9897
2,270,0.0005,-0.0002,100,518.67,643.12,1604.32,1424.27,14.62,21.61,551.75,2388.2,9083.41,1.3,48.04,520.35,2388.12,8158.1,8.5204,0.03,395,2388,100,38.59,23.1713
2,271,0.0001,0.0002,100,518.67,643.87,1607.43,1425.06,14.62,21.61,551.73,2388.22,9088.84,1.3,48.14,519.97,2388.21,8158.97,8.5014,0.03,395,2388,100,38.49,22.9721
2,272,-0.0004,0.0001,100,518.67,643.27,1600.02,1426.7,14.62,21.61,552.44,2388.22,9085.04,1.3,47.96,520.56,2388.2,8155.61,8.5126,0.03,395,2388,100,38.48,23.1781
2,273,-0.0036,-0.0003,100,518.67,643.71,1598.88,1418.55,14.62,21.61,552.47,2388.15,9094.09,1.3,47.88,519.72,2388.2,8163.69,8.5098,0.03,394,2388,100,38.53,23.1182
2,274,0,0.0004,100,518.67,643.18,1598.98,1427.83,14.62,21.61,551.25,2388.2,9089.3,1.3,48.07,519.73,2388.18,8161.62,8.488,0.03,396,2388,100,38.27,23.1046
2,275,0.001,0.0001,100,518.67,643.67,1595.3,1421.8,14.62,21.61,551.86,2388.21,9094.94,1.3,48.02,520,2388.17,8157.59,8.5136,0.03,396,2388,100,38.67,23.198
2,276,-0.0018,0.0004,100,518.67,643.82,1605.46,1429.66,14.62,21.61,551.43,2388.16,9087.19,1.3,47.98,520.09,2388.17,8163.22,8.5177,0.03,396,2388,100,38.41,23.0895
2,277,0.0017,-0.0004,100,518.67,643.91,1601.47,1424.78,14.62,21.61,552.45,2388.22,9092.92,1.3,48.03,519.93,2388.17,8171.9,8.5206,0.03,395,2388,100,38.68,23.0609
2,278,0,-0.0003,100,518.67,643.44,1597.61,1423.67,14.62,21.61,551.49,2388.19,9096.47,1.3,47.99,519.72,2388.24,8160.69,8.5285,0.03,396,2388,100,38.49,23.0702
2,279,0.0006,0.0005,100,518.67,643.64,1594.8,1426.95,14.62,21.61,551.16,2388.19,9096.6,1.3,48.13,519.66,2388.26,8164.77,8.5237,0.03,395,2388,100,38.51,23.046
2,280,-0.0061,0,100,518.67,643.63,1594.21,1422.89,14.62,21.61,551.84,2388.24,9101.42,1.3,48.12,519.91,2388.21,8163.77,8.4889,0.03,396,2388,100,38.56,23.1462
2,281,-0.0009,-0.0003,100,518.67,643.6,1598.25,1424.36,14.62,21.61,551.44,2388.18,9089.18,1.3,48.17,519.48,2388.15,8167.57,8.5377,0.03,398,2388,100,38.52,23.0385
2,282,0.0012,0,100,518.67,643.94,1598.56,1426.87,14.62,21.61,552.29,2388.23,9092.2,1.3,48.27,520.05,2388.18,8168.43,8.5149,0.03,397,2388,100,38.44,23.094
2,283,0.0046,0.0002,100,518.67,643.78,1602.03,1429.67,14.62,21.61,551.46,2388.16,9084.13,1.3,48.21,520.07,2388.2,8174.85,8.5199,0.03,398,2388,100,38.42,23.0358
2,284,-0.0006,0.0001,100,518.67,643.91,1601.35,1430.04,14.62,21.61,551.96,2388.22,9089.87,1.3,48.18,519.95,2388.21,8166.83,8.5291,0.03,395,2388,100,38.23,23.1196
2,285,-0.0007,0.0004,100,518.67,643.67,1596.84,1431.17,14.62,21.61,550.85,2388.2,9098.67,1.3,48.27,519.91,2388.22,8164.83,8.5242,0.03,396,2388,100,38.39,23.1155
2,286,-0.001,-0.0003,100,518.67,643.44,1603.63,1429.57,14.62,21.61,551.61,2388.18,9102.01,1.3,48.14,519.51,2388.22,8169.97,8.4932,0.03,395,2388,100,38.33,23.0169
2,287,-0.0005,0.0006,100,518.67,643.85,1608.5,1430.84,14.62,21.61,551.66,2388.2,9109.36,1.3,48.12,519.81,2388.21,8175.57,8.5365,0.03,398,2388,100,38.43,23.0848
3,1,0.0008,0.0005,100,518.67,642.04,1584.2,1398.13,14.62,21.61,553.96,2388.06,9056.95,1.3,47.14,522.24,2388,8138.4,8.4207,0.03,391,2388,100,38.96,23.3205
3,2,-0.001,0,100,518.67,642.66,1587.04,1398.62,14.62,21.61,554.76,2388.05,9059.67,1.3,47.35,522.03,2388.01,8137.38,8.3949,0.03,390,2388,100,39.07,23.4369
3,3,0.0013,-0.0002,100,518.67,642.07,1580.75,1401.1,14.62,21.61,554.51,2388.03,9050.43,1.3,46.94,522.16,2388.01,8137.2,8.382,0.03,393,2388,100,39.03,23.3162
3,4,0.0008,-0.0002,100,518.67,642.5,1580.12,1395.76,14.62,21.61,554.48,2388.07,9060.43,1.3,47.44,522.31,2388.07,8139.35,8.394,0.03,391,2388,100,38.94,23.4901
3,5,0.002,0.0004,100,518.67,641.97,1581.48,1394.05,14.62,21.61,554.14,2388.01,9054.36,1.3,47.16,522,2388.03,8135.99,8.4233,0.03,391,2388,100,38.9,23.419
3,6,-0.001,-0.0003,100,518.67,642.65,1581.26,1397.98,14.62,21.61,554.86,2388.08,9048.62,1.3,47.12,522.58,2388.08,8137.99,8.4126,0.03,392,2388,100,39.04,23.4656
3,7,-0.0018,-0.0003,100,518.67,642.62,1583.68,1405.76,14.62,21.61,554.29,2388.06,9051.91,1.3,47.26,522.08,2388.01,8141.85,8.4369,0.03,393,2388,100,39.03,23.4051
3,8,0.0017,-0.0005,100,518.67,642.23,1581.6,1401.86,14.62,21.61,554.11,2388,9059.59,1.3,47.13,521.87,2388.06,8141.47,8.4197,0.03,392,2388,100,38.85,23.3564
3,9,0,0.0003,100,518.67,642.6,1581.04,1398.3,14.62,21.61,554.61,2387.99,9060.04,1.3,47.16,522.47,2388.09,8136.84,8.4151,0.03,392,2388,100,39.02,23.3873
3,10,-0.0009,0.0003,100,518.67,642.72,1582.2,1400.07,14.62,21.61,554.28,2388,9053.42,1.3,47.22,522.4,2388.05,8130.42,8.4063,0.03,392,2388,100,38.96,23.3129
3,11,-0.0009,0.0002,100,518.67,641.94,1591.43,1400.59,14.62,21.61,554.88,2388.03,9051.86,1.3,47.4,522.02,2388.01,8138.08,8.4237,0.03,391,2388,100,38.8,23.4161
3,12,-0.0029,0.0003,100,518.67,642.61,1583.92,1404.93,14.62,21.61,553.45,2388.06,9049.23,1.3,47.17,522.07,2388.02,8141.09,8.3779,0.03,393,2388,100,38.9,23.3028
3,13,0.0002,0.0003,100,518.67,642.63,1583.25,1403.52,14.62,21.61,555.25,2388.03,9057.09,1.3,47.25,522.26,2388.06,8138.75,8.3743,0.03,390,2388,100,39.16,23.3372
3,14,0,0.0004,100,518.67,642.16,1591.03,1396.35,14.62,21.61,554.31,2388.02,9056.59,1.3,47.27,521.69,2387.99,8141.57,8.4339,0.03,391,2388,100,38.9,23.3506
3,15,-0.0015,0.0001,100,518.67,641.83,1585.29,1398.77,14.62,21.61,554.36,2388.05,9058.29,1.3,47.15,522,2388.06,8138.07,8.4311,0.03,390,2388,100,39.02,23.2825
3,16,-0.0064,-0.0002,100,518.67,642.65,1589.05,1392.15,14.62,21.61,554.17,2388.05,9051.12,1.3,47.26,522.25,2387.97,8137.26,8.4147,0.03,391,2388,100,38.94,23.4078
3,17,-0.0018,-0.0001,100,518.67,642.78,1588.94,1395.76,14.62,21.61,553.74,2388,9051.79,1.3,47.35,522.37,2387.99,8140.24,8.4018,0.03,393,2388,100,39.13,23.4031
3,18,-0.0013,-0.0005,100,518.67,642.26,1584.36,1402.3,14.62,21.61,554.52,2388,9055.82,1.3,47.38,521.8,2388.05,8141.53,8.4244,0.03,390,2388,100,39,23.3709
3,19,0.0029,-0.0004,100,518.67,642.05,1580.67,1402.82,14.62,21.61,553.99,2388.03,9051.22,1.3,47.23,522.18,2387.99,8144.32,8.413,0.03,391,2388,100,39.12,23.4505
3,20,-0.002,-0.0002,100,518.67,642.25,1580.73,1394.57,14.62,21.61,554.54,2388.06,9047.08,1.3,47.1,522.29,2388.03,8135.13,8.398,0.03,391,2388,100,38.93,23.3357
3,21,-0.0006,0.0004,100,518.67,642.18,1586.78,1398.83,14.62,21.61,554.32,2388.02,9052.89,1.3,47.27,522.67,2387.98,8138.16,8.4302,0.03,392,2388,100,39.13,23.3923
